#,Time,Nome,Defesas,Jogos sem ser vazado,Pênalti defendido,Defesas de dentro da área,Saídas do gol,Nota Sofascore,Temporada
1,Paris Saint-Germain,Keylor Navas,54.0,2.0,1.0,36.0,4.0,7.37,20-21
2,FC Bayern München,Manuel Neuer,35.0,3.0,0.0,26.0,6.0,7.44,20-21
3,Chelsea,Edouard Mendy,31.0,9.0,0.0,23.0,2.0,7.35,20-21
4,FC Porto,Agustín Marchesín,29.0,5.0,0.0,21.0,5.0,7.26,20-21
5,Real Madrid,Thibaut Courtois,26.0,4.0,0.0,18.0,5.0,6.81,20-21
6,Lokomotiv Moscow,Guilherme Marinato,25.0,1.0,0.0,13.0,2.0,7.03,20-21
7,Shakhtar Donetsk,Anatoliy Trubin,24.0,3.0,0.0,15.0,0.0,7.14,20-21
8,Olympiacos FC,José Sá,24.0,1.0,0.0,13.0,0.0,6.9,20-21
9,RB Leipzig,Péter Gulácsi,23.0,1.0,1.0,15.0,5.0,6.76,20-21
10,FK Krasnodar,Matvey Safonov,22.0,1.0,0.0,15.0,0.0,7.35,20-21
11,AFC Ajax,André Onana,22.0,0.0,0.0,11.0,0.0,6.85,20-21
12,Borussia M'gladbach,Yann Sommer,22.0,2.0,0.0,16.0,1.0,6.81,20-21
13,FC Midtjylland,Jesper Hansen,21.0,0.0,0.0,17.0,1.0,6.98,20-21
14,Atalanta,Marco Sportiello,21.0,1.0,0.0,11.0,1.0,6.48,20-21
15,Juventus,Wojciech Szczęsny,20.0,2.0,0.0,10.0,5.0,6.9,20-21
16,Borussia Dortmund,Marwin Hitz,20.0,0.0,0.0,11.0,1.0,6.62,20-21
17,Ferencváros TC,Dénes Dibusz,20.0,0.0,0.0,8.0,1.0,6.3,20-21
18,Liverpool,Alisson,19.0,5.0,0.0,12.0,2.0,7.29,20-21
19,Başakşehir FK,Mert Günok,19.0,0.0,0.0,10.0,3.0,6.18,20-21
20,Manchester City,Ederson,17.0,7.0,0.0,10.0,6.0,6.91,20-21
21,Lazio,Pepe Reina,17.0,0.0,0.0,10.0,1.0,6.44,20-21
22,Sevilla,Bono,16.0,2.0,0.0,8.0,0.0,7.0,20-21
23,Barcelona,Marc-André ter Stegen,16.0,1.0,0.0,14.0,1.0,6.88,20-21
24,Club Brugge KV,Simon Mignolet,16.0,1.0,0.0,12.0,4.0,6.78,20-21
25,Red Bull Salzburg,Cican Stanković,16.0,0.0,0.0,7.0,1.0,6.18,20-21
26,Stade Rennais,Alfred Gomis,15.0,0.0,0.0,9.0,1.0,6.85,20-21
27,Inter,Samir Handanović,15.0,2.0,0.0,9.0,4.0,6.77,20-21
28,Zenit St. Petersburg,Mikhail Kerzhakov,15.0,0.0,0.0,12.0,0.0,6.58,20-21
29,Manchester United,David De Gea,14.0,1.0,0.0,10.0,1.0,6.78,20-21
30,Atlético Madrid,Jan Oblak,14.0,2.0,0.0,9.0,0.0,6.61,20-21
31,Dynamo Kyiv,Heorhiy Bushchan,13.0,1.0,0.0,12.0,0.0,6.48,20-21
32,Olympique de Marseille,Steve Mandanda,13.0,0.0,0.0,9.0,2.0,6.38,20-21
33,Dynamo Kyiv,Ruslan Neshcheret,12.0,0.0,0.0,8.0,0.0,9.7,20-21
34,FK Krasnodar,Evgeniy Gorodov,10.0,0.0,0.0,6.0,0.0,7.05,20-21
35,Liverpool,Caoimhin Kelleher,9.0,1.0,0.0,8.0,0.0,7.65,20-21
36,Borussia Dortmund,Roman Bürki,9.0,3.0,0.0,4.0,0.0,7.23,20-21
37,Juventus,Gianluigi Buffon,7.0,1.0,0.0,2.0,0.0,8.5,20-21
38,Lazio,Thomas Strakosha,6.0,0.0,0.0,5.0,0.0,7.6,20-21
39,Atalanta,Pierluigi Gollini,5.0,2.0,0.0,4.0,1.0,7.03,20-21
40,Liverpool,Adrián,4.0,1.0,0.0,3.0,1.0,7.8,20-21
41,Stade Rennais,Romain Salin,4.0,0.0,0.0,3.0,1.0,6.4,20-21
42,Barcelona,Neto,3.0,2.0,0.0,2.0,0.0,6.9,20-21
43,Club Brugge KV,Ethan Horvath,3.0,0.0,0.0,2.0,0.0,6.8,20-21
44,FC Bayern München,Alexander Nübel,3.0,0.0,0.0,2.0,1.0,6.55,20-21
45,Sevilla,Tomáš Vaclík,3.0,0.0,0.0,3.0,0.0,6.3,20-21
46,Manchester City,Zack Steffen,2.0,1.0,0.0,1.0,0.0,7.2,20-21
47,Dynamo Kyiv,Denys Boyko,2.0,0.0,0.0,1.0,0.0,6.4,20-21
48,FC Midtjylland,Mikkel Andersen,2.0,0.0,0.0,0.0,1.0,6.15,20-21
49,Sevilla,Alfonso Pastor,2.0,0.0,0.0,2.0,0.0,5.7,20-21
50,Shakhtar Donetsk,Andriy Pyatov,2.0,0.0,0.0,2.0,0.0,5.6,20-21
51,FC Porto,Diogo Costa,1.0,1.0,0.0,0.0,0.0,7.0,20-21
52,Chelsea,Kepa Arrizabalaga,1.0,0.0,0.0,1.0,0.0,6.6,20-21
53,Manchester United,Dean Henderson,1.0,0.0,0.0,1.0,0.0,6.1,20-21
1,Atlético Madrid,Jan Oblak,43.0,8.0,1.0,21.0,2.0,7.16,15-16
2,FC Bayern München,Manuel Neuer,37.0,4.0,1.0,28.0,15.0,7.0,15-16
3,Galatasaray,Fernando Muslera,36.0,0.0,0.0,14.0,9.0,7.2,15-16
4,Sevilla,Sergio Rico,35.0,2.0,0.0,18.0,2.0,7.32,15-16
5,Manchester City,Joe Hart,34.0,3.0,2.0,28.0,4.0,6.99,15-16
6,PSV Eindhoven,Jeroen Zoet,33.0,4.0,0.0,18.0,5.0,7.21,15-16
7,Malmö FF,Johan Sellberg-Wiland,33.0,1.0,0.0,21.0,12.0,6.87,15-16
8,BATE Borisov,Sergey Chernik,32.0,1.0,0.0,20.0,5.0,7.13,15-16
9,Paris Saint-Germain,Kevin Trapp,31.0,5.0,0.0,20.0,5.0,7.03,15-16
10,Roma,Wojciech Szczęsny,31.0,1.0,1.0,19.0,5.0,6.74,15-16
11,Barcelona,Marc-André ter Stegen,29.0,3.0,1.0,16.0,12.0,7.07,15-16
12,GNK Dinamo Zagreb,Eduardo,29.0,0.0,1.0,18.0,3.0,6.77,15-16
13,Zenit St. Petersburg,Yury Lodygin,28.0,2.0,0.0,16.0,3.0,7.13,15-16
14,Real Madrid,Keylor Navas,26.0,9.0,0.0,14.0,8.0,7.18,15-16
15,VfL Wolfsburg,Diego Benaglio,26.0,4.0,1.0,17.0,3.0,7.05,15-16
16,KAA Gent,Matz Sels,25.0,1.0,1.0,17.0,6.0,6.99,15-16
17,Maccabi Tel Aviv,Predrag Rajković,25.0,0.0,0.0,13.0,2.0,6.35,15-16
18,Juventus,Gianluigi Buffon,24.0,3.0,0.0,15.0,2.0,6.91,15-16
19,Arsenal,Petr Čech,23.0,3.0,0.0,12.0,5.0,7.32,15-16
20,Valencia,Jaume Doménech,22.0,1.0,0.0,14.0,5.0,6.85,15-16
21,Benfica,Júlio César,21.0,2.0,0.0,11.0,10.0,7.01,15-16
22,CSKA Moscow,Igor Akinfeev,21.0,0.0,0.0,17.0,3.0,6.8,15-16
23,Borussia M'gladbach,Yann Sommer,21.0,1.0,0.0,17.0,3.0,6.6,15-16
24,Olympiacos FC,Roberto Jiménez,21.0,1.0,0.0,14.0,2.0,6.5,15-16
25,Olympique Lyonnais,Anthony Lopes,19.0,1.0,0.0,7.0,1.0,6.82,15-16
26,Dynamo Kyiv,Oleksandr Shovkovskyi,18.0,5.0,0.0,10.0,14.0,7.07,15-16
27,FC Porto,Iker Casillas,18.0,1.0,0.0,12.0,7.0,6.7,15-16
28,Bayer 04 Leverkusen,Bernd Leno,17.0,0.0,0.0,8.0,6.0,6.43,15-16
29,Manchester United,David De Gea,16.0,2.0,1.0,8.0,4.0,6.9,15-16
30,Shakhtar Donetsk,Andriy Pyatov,16.0,0.0,1.0,10.0,2.0,6.55,15-16
31,Benfica,Ederson,13.0,0.0,0.0,10.0,2.0,7.03,15-16
32,Chelsea,Asmir Begović,12.0,3.0,0.0,6.0,3.0,6.94,15-16
33,Chelsea,Thibaut Courtois,11.0,1.0,0.0,5.0,1.0,6.97,15-16
34,Arsenal,David Ospina,10.0,0.0,0.0,7.0,4.0,6.37,15-16
35,Shakhtar Donetsk,Anton Kanibolotskiy,6.0,1.0,0.0,3.0,4.0,7.05,15-16
36,VfL Wolfsburg,Koen Casteels,6.0,1.0,0.0,1.0,1.0,6.8,15-16
37,FC Bayern München,Sven Ulreich,4.0,1.0,0.0,3.0,0.0,7.3,15-16
38,Real Madrid,Kiko Casilla,2.0,1.0,0.0,1.0,0.0,6.65,15-16
39,Zenit St. Petersburg,Mikhail Kerzhakov,2.0,0.0,0.0,2.0,1.0,6.45,15-16
40,Dynamo Kyiv,Oleksandr Rybka,1.0,0.0,0.0,0.0,1.0,5.6,15-16
41,Roma,Morgan De Sanctis,0.0,0.0,0.0,0.0,0.0,6.8,15-16
42,Manchester City,Willy Caballero,0.0,0.0,0.0,0.0,0.0,6.5,15-16
1,Inter,André Onana,47.0,8.0,0.0,27.0,1.0,7.41,22-23
2,Real Madrid,Thibaut Courtois,42.0,5.0,1.0,27.0,1.0,7.34,22-23
3,Club Brugge KV,Simon Mignolet,34.0,5.0,0.0,24.0,2.0,7.41,22-23
4,FC Porto,Diogo Costa,31.0,4.0,3.0,19.0,4.0,7.53,22-23
5,Shakhtar Donetsk,Anatoliy Trubin,30.0,0.0,0.0,21.0,1.0,7.27,22-23
6,Eintracht Frankfurt,Kevin Trapp,29.0,2.0,1.0,20.0,3.0,7.13,22-23
7,Manchester City,Ederson,28.0,7.0,0.0,14.0,7.0,7.29,22-23
8,Chelsea,Kepa Arrizabalaga,28.0,3.0,0.0,15.0,5.0,7.1,22-23
9,Paris Saint-Germain,Gianluigi Donnarumma,26.0,0.0,0.0,14.0,2.0,6.88,22-23
10,GNK Dinamo Zagreb,Dominik Livaković,25.0,1.0,0.0,16.0,1.0,6.98,22-23
11,FC København,Kamil Grabara,24.0,1.0,1.0,11.0,1.0,7.43,22-23
12,Rangers,Allan McGregor,24.0,0.0,1.0,19.0,2.0,6.74,22-23
13,Viktoria Plzeň,Jindřich Staněk,23.0,0.0,0.0,15.0,3.0,6.44,22-23
14,Milan,Mike Maignan,22.0,2.0,1.0,15.0,2.0,7.21,22-23
15,Napoli,Alex Meret,22.0,4.0,1.0,15.0,3.0,7.12,22-23
16,Maccabi Haifa,Josh Cohen,22.0,1.0,0.0,14.0,4.0,6.4,22-23
17,Red Bull Salzburg,Philipp Köhn,21.0,1.0,0.0,16.0,5.0,6.95,22-23
18,AFC Ajax,Remko Pasveer,21.0,1.0,0.0,13.0,1.0,6.47,22-23
19,Milan,Ciprian Tătărușanu,20.0,3.0,0.0,14.0,4.0,7.48,22-23
20,RB Leipzig,Janis Blaswich,20.0,2.0,0.0,18.0,2.0,7.0,22-23
21,Benfica,Odysseas Vlachodimos,19.0,2.0,0.0,12.0,5.0,6.67,22-23
22,Borussia Dortmund,Gregor Kobel,17.0,2.0,1.0,14.0,1.0,7.83,22-23
23,Tottenham Hotspur,Hugo Lloris,17.0,2.0,0.0,9.0,5.0,7.1,22-23
24,Bayer 04 Leverkusen,Lukáš Hrádecký,17.0,2.0,1.0,7.0,0.0,6.83,22-23
25,Sporting,Antonio Adán,17.0,2.0,0.0,14.0,2.0,6.52,22-23
26,Liverpool,Alisson,16.0,3.0,1.0,12.0,2.0,6.66,22-23
27,Celtic,Joe Hart,16.0,0.0,0.0,12.0,1.0,6.23,22-23
28,Atlético Madrid,Jan Oblak,15.0,1.0,0.0,12.0,1.0,7.0,22-23
29,Sevilla,Bono,14.0,0.0,0.0,9.0,0.0,6.38,22-23
30,FC Bayern München,Yann Sommer,13.0,2.0,0.0,12.0,3.0,7.28,22-23
31,Barcelona,Marc-André ter Stegen,13.0,0.0,0.0,8.0,0.0,6.54,22-23
32,Borussia Dortmund,Alexander Meyer,12.0,1.0,0.0,10.0,2.0,6.92,22-23
33,Olympique de Marseille,Pau López,12.0,1.0,0.0,7.0,3.0,6.7,22-23
34,Juventus,Wojciech Szczęsny,10.0,0.0,0.0,5.0,1.0,6.35,22-23
35,FC Bayern München,Manuel Neuer,9.0,3.0,0.0,7.0,0.0,7.57,22-23
36,Juventus,Mattia Perin,9.0,0.0,0.0,7.0,0.0,7.05,22-23
37,FC Bayern München,Sven Ulreich,8.0,2.0,0.0,5.0,1.0,7.33,22-23
38,Viktoria Plzeň,Marián Tvrdoň,8.0,0.0,0.0,4.0,0.0,6.8,22-23
39,Barcelona,Iñaki Peña,6.0,0.0,0.0,3.0,0.0,7.4,22-23
40,Tottenham Hotspur,Fraser Forster,6.0,1.0,0.0,5.0,1.0,7.1,22-23
41,Manchester City,Stefan Ortega,5.0,1.0,0.0,4.0,1.0,7.0,22-23
42,Rangers,Jon McLaughlin,5.0,0.0,0.0,2.0,1.0,6.5,22-23
43,Sevilla,Marko Dmitrović,4.0,2.0,0.0,2.0,0.0,7.4,22-23
44,Sporting,Franco Israel,4.0,0.0,0.0,2.0,0.0,6.15,22-23
45,Real Madrid,Andriy Lunin,3.0,0.0,0.0,2.0,0.0,6.65,22-23
46,FC København,Mathew Ryan,3.0,1.0,0.0,1.0,1.0,6.55,22-23
47,Atlético Madrid,Ivo Grbić,3.0,0.0,0.0,2.0,0.0,6.3,22-23
48,RB Leipzig,Péter Gulácsi,2.0,0.0,0.0,1.0,0.0,5.77,22-23
49,Chelsea,Edouard Mendy,1.0,0.0,0.0,1.0,1.0,6.5,22-23
1,Borussia Dortmund,Gregor Kobel,46.0,6.0,1.0,31.0,0.0,7.54,23-24
2,Atlético Madrid,Jan Oblak,38.0,2.0,0.0,21.0,4.0,7.24,23-24
3,Paris Saint-Germain,Gianluigi Donnarumma,38.0,3.0,0.0,21.0,4.0,7.03,23-24
4,Real Madrid,Andriy Lunin,35.0,2.0,1.0,21.0,3.0,7.58,23-24
5,Napoli,Alex Meret,33.0,2.0,0.0,20.0,4.0,7.29,23-24
6,Young Boys,Anthony Racioppi,31.0,1.0,0.0,23.0,1.0,7.4,23-24
7,FK Crvena zvezda,Omri Glazer,31.0,0.0,0.0,19.0,1.0,7.17,23-24
8,FC København,Kamil Grabara,30.0,2.0,0.0,16.0,2.0,7.04,23-24
9,Newcastle United,Nick Pope,25.0,1.0,0.0,14.0,1.0,7.7,23-24
10,Inter,Yann Sommer,25.0,4.0,0.0,20.0,0.0,7.54,23-24
11,Red Bull Salzburg,Alexander Schlager,25.0,2.0,0.0,18.0,1.0,7.53,23-24
12,Shakhtar Donetsk,Dmytro Riznyk,25.0,2.0,0.0,17.0,4.0,7.4,23-24
13,Benfica,Anatoliy Trubin,24.0,0.0,0.0,18.0,3.0,7.12,23-24
14,RC Lens,Brice Samba,23.0,0.0,0.0,14.0,2.0,7.08,23-24
15,Celtic,Joe Hart,23.0,0.0,2.0,13.0,0.0,7.02,23-24
16,Sporting Braga,Matheus,22.0,0.0,0.0,16.0,3.0,7.08,23-24
17,Lazio,Ivan Provedel,21.0,3.0,0.0,13.0,2.0,7.08,23-24
18,Barcelona,Marc-André ter Stegen,21.0,2.0,0.0,14.0,3.0,7.04,23-24
19,PSV Eindhoven,Walter Benítez,21.0,1.0,0.0,16.0,1.0,6.86,23-24
20,FC Bayern München,Manuel Neuer,20.0,4.0,0.0,16.0,5.0,7.02,23-24
21,FC Porto,Diogo Costa,20.0,2.0,0.0,15.0,7.0,6.94,23-24
22,Manchester United,André Onana,20.0,1.0,1.0,8.0,1.0,6.87,23-24
23,1. FC Union Berlin,Frederik Rønnow,19.0,0.0,1.0,13.0,0.0,7.1,23-24
24,Real Sociedad,Álex Remiro,19.0,4.0,0.0,14.0,2.0,7.06,23-24
25,Milan,Mike Maignan,18.0,1.0,0.0,9.0,3.0,7.27,23-24
26,Arsenal,David Raya,17.0,4.0,0.0,8.0,4.0,7.17,23-24
27,Royal Antwerp FC,Jean Butez,16.0,0.0,0.0,12.0,1.0,6.58,23-24
28,RB Leipzig,Janis Blaswich,13.0,0.0,0.0,11.0,2.0,6.88,23-24
29,Galatasaray,Fernando Muslera,13.0,0.0,0.0,8.0,11.0,6.87,23-24
30,Real Madrid,Kepa Arrizabalaga,10.0,1.0,0.0,6.0,0.0,7.03,23-24
31,Feyenoord,Justin Bijlow,10.0,0.0,0.0,9.0,6.0,6.78,23-24
32,Sevilla,Ørjan Nyland,8.0,0.0,0.0,7.0,0.0,7.35,23-24
33,Sevilla,Marko Dmitrović,8.0,0.0,0.0,5.0,2.0,6.73,23-24
34,Manchester City,Stefan Ortega,8.0,0.0,0.0,4.0,5.0,6.67,23-24
35,Manchester City,Ederson,7.0,1.0,0.0,5.0,3.0,6.83,23-24
36,RB Leipzig,Péter Gulácsi,7.0,0.0,0.0,4.0,1.0,6.67,23-24
37,FC Bayern München,Sven Ulreich,7.0,0.0,0.0,7.0,1.0,6.67,23-24
38,Barcelona,Iñaki Peña,6.0,0.0,0.0,6.0,0.0,7.0,23-24
39,Borussia Dortmund,Alexander Meyer,4.0,0.0,0.0,3.0,0.0,7.6,23-24
40,Royal Antwerp FC,Senne Lammens,4.0,0.0,0.0,4.0,0.0,7.1,23-24
41,Arsenal,Aaron Ramsdale,4.0,0.0,0.0,2.0,0.0,7.0,23-24
42,Real Madrid,Thibaut Courtois,3.0,1.0,0.0,2.0,0.0,7.5,23-24
43,Feyenoord,Timon Wellenreuther,3.0,1.0,0.0,0.0,0.0,6.75,23-24
44,Inter,Emil Audero,2.0,0.0,0.0,1.0,2.0,6.5,23-24
45,Milan,Marco Sportiello,1.0,0.0,0.0,0.0,0.0,6.9,23-24
46,Young Boys,David von Ballmoos,0.0,0.0,0.0,0.0,0.0,6.4,23-24
47,Newcastle United,Martin Dúbravka,0.0,0.0,0.0,0.0,0.0,6.2,23-24
1,Juventus,Gianluigi Buffon,36.0,6.0,0.0,16.0,6.0,7.15,14-15
2,Basel,Tomáš Vaclík,36.0,2.0,0.0,18.0,8.0,7.1,14-15
3,NK Maribor,Jasmin Handanović,35.0,0.0,1.0,22.0,2.0,7.27,14-15
4,Manchester City,Joe Hart,34.0,1.0,1.0,21.0,7.0,7.26,14-15
5,Malmö FF,Robin Olsen,34.0,1.0,0.0,21.0,5.0,7.17,14-15
6,Real Madrid,Iker Casillas,31.0,5.0,0.0,13.0,4.0,7.09,14-15
7,Barcelona,Marc-André ter Stegen,31.0,6.0,1.0,18.0,7.0,7.05,14-15
8,AS Monaco,Danijel Subašić,29.0,6.0,0.0,19.0,9.0,7.23,14-15
9,Shakhtar Donetsk,Andriy Pyatov,29.0,4.0,1.0,17.0,1.0,7.23,14-15
10,CSKA Moscow,Igor Akinfeev,26.0,0.0,0.0,15.0,7.0,6.82,14-15
11,FC Bayern München,Manuel Neuer,24.0,6.0,0.0,14.0,18.0,6.88,14-15
12,APOEL Nicosia,Urko Pardo,24.0,0.0,0.0,16.0,7.0,6.63,14-15
13,Liverpool,Simon Mignolet,23.0,0.0,0.0,9.0,3.0,6.68,14-15
14,RSC Anderlecht,Silvio Proto,22.0,1.0,0.0,17.0,7.0,7.3,14-15
15,Ludogorets,Vladislav Stoyanov,21.0,1.0,1.0,14.0,1.0,7.02,14-15
16,Atlético Madrid,Jan Oblak,19.0,1.0,0.0,8.0,1.0,7.6,14-15
17,Chelsea,Thibaut Courtois,19.0,2.0,0.0,10.0,4.0,7.26,14-15
18,FC Schalke 04,Ralf Fährmann,19.0,1.0,0.0,13.0,4.0,6.53,14-15
19,Olympiacos FC,Roberto Jiménez,18.0,1.0,1.0,15.0,5.0,6.77,14-15
20,Galatasaray,Fernando Muslera,18.0,0.0,0.0,8.0,4.0,6.3,14-15
21,BATE Borisov,Sergey Chernik,18.0,0.0,0.0,11.0,3.0,5.78,14-15
22,Sporting,Rui Patrício,17.0,0.0,0.0,9.0,4.0,6.57,14-15
23,Atlético Madrid,Miguel Ángel Moyà,16.0,5.0,0.0,5.0,5.0,7.21,14-15
24,Paris Saint-Germain,Salvatore Sirigu,16.0,2.0,0.0,9.0,12.0,6.58,14-15
25,Zenit St. Petersburg,Yury Lodygin,15.0,3.0,0.0,8.0,9.0,7.12,14-15
26,FC Porto,Fabiano,15.0,4.0,0.0,9.0,11.0,6.69,14-15
27,AFC Ajax,Jasper Cillessen,15.0,1.0,0.0,7.0,11.0,6.62,14-15
28,Arsenal,Wojciech Szczęsny,15.0,0.0,0.0,6.0,6.0,6.6,14-15
29,Athletic Club,Gorka Iraizoz,14.0,3.0,0.0,6.0,12.0,6.83,14-15
30,Benfica,Júlio César,13.0,1.0,0.0,4.0,0.0,6.97,14-15
31,Roma,Morgan De Sanctis,13.0,0.0,0.0,9.0,4.0,6.28,14-15
32,Bayer 04 Leverkusen,Bernd Leno,11.0,3.0,0.0,8.0,9.0,6.99,14-15
33,Borussia Dortmund,Roman Weidenfeller,9.0,3.0,0.0,4.0,7.0,6.53,14-15
34,Real Madrid,Keylor Navas,8.0,2.0,0.0,2.0,4.0,7.85,14-15
35,Arsenal,David Ospina,8.0,1.0,0.0,4.0,0.0,6.83,14-15
36,FC Schalke 04,Timon Wellenreuther,8.0,0.0,0.0,3.0,2.0,6.65,14-15
37,Chelsea,Petr Čech,7.0,1.0,0.0,2.0,1.0,7.0,14-15
38,Benfica,Artur Moraes,7.0,2.0,0.0,2.0,0.0,6.0,14-15
39,Arsenal,Emiliano Martínez,6.0,1.0,0.0,3.0,2.0,7.25,14-15
40,Roma,Łukasz Skorupski,6.0,0.0,0.0,2.0,2.0,6.65,14-15
41,BATE Borisov,Artem Soroko,5.0,0.0,0.0,1.0,1.0,7.1,14-15
42,Ludogorets,Milan Borjan,5.0,0.0,0.0,3.0,3.0,6.8,14-15
43,FC Porto,Andrés Fernández,2.0,0.0,0.0,2.0,2.0,6.9,14-15
44,RSC Anderlecht,Davy Roef,2.0,0.0,0.0,2.0,2.0,6.7,14-15
45,Borussia Dortmund,Mitchell Langerak,2.0,0.0,0.0,1.0,0.0,6.6,14-15
46,Benfica,Paulo Lopes,2.0,0.0,0.0,1.0,1.0,6.6,14-15
47,Galatasaray,Sinan Bolat,2.0,0.0,0.0,2.0,0.0,6.0,14-15
48,FC Santa Coloma,Eloy Casals,0.0,0.0,0.0,0.0,0.0,0.0,14-15
49,Lille,Steeve Elana,0.0,0.0,0.0,0.0,0.0,0.0,14-15
50,Napoli,Rafael Cabral,0.0,0.0,0.0,0.0,0.0,0.0,14-15
51,Celtic,Craig Gordon,0.0,0.0,0.0,0.0,0.0,0.0,14-15
52,F91 Dudelange,Jonathan Joubert,0.0,0.0,0.0,0.0,0.0,0.0,14-15
53,The New Saints,Paul Harrison,0.0,0.0,0.0,0.0,0.0,0.0,14-15
54,Valletta FC,Nicholas Vella,0.0,0.0,0.0,0.0,0.0,0.0,14-15
55,Lincoln Red Imps,Jordan Perez,0.0,0.0,0.0,0.0,0.0,0.0,14-15
56,Lille,Vincent Enyeama,0.0,0.0,0.0,0.0,0.0,0.0,14-15
57,Red Bull Salzburg,Péter Gulácsi,0.0,0.0,0.0,0.0,0.0,0.0,14-15
58,Celtic,Fraser Forster,0.0,0.0,0.0,0.0,0.0,0.0,14-15
59,Qarabağ,Ibrahim Šehić,0.0,0.0,0.0,0.0,0.0,0.0,14-15
60,GNK Dinamo Zagreb,Eduardo,0.0,0.0,0.0,0.0,0.0,0.0,14-15
61,HB Tórshavn,Teitur Gestsson,0.0,0.0,0.0,0.0,0.0,0.0,14-15
62,FC København,Stephan Andersen,0.0,0.0,0.0,0.0,0.0,0.0,14-15
63,Sheriff Tiraspol,Matias Degra,0.0,0.0,0.0,0.0,0.0,0.0,14-15
64,Maccabi Tel Aviv,Juan Pablo,0.0,0.0,0.0,0.0,0.0,0.0,14-15
65,HJK,Michael Tørnes,0.0,0.0,0.0,0.0,0.0,0.0,14-15
66,ŠK Slovan Bratislava,Dušan Perniš,0.0,0.0,0.0,0.0,0.0,0.0,14-15
1,Liverpool,Alisson,46.0,6.0,0.0,27.0,0.0,7.18,18-19
2,AFC Ajax,André Onana,40.0,4.0,0.0,32.0,0.0,6.94,18-19
3,FK Crvena zvezda,Milan Borjan,39.0,2.0,1.0,29.0,3.0,7.23,18-19
4,PSV Eindhoven,Jeroen Zoet,37.0,0.0,0.0,23.0,1.0,7.03,18-19
5,Olympique Lyonnais,Anthony Lopes,35.0,1.0,0.0,18.0,2.0,7.13,18-19
6,Inter,Samir Handanović,32.0,0.0,0.0,19.0,1.0,7.33,18-19
7,Tottenham Hotspur,Hugo Lloris,30.0,4.0,1.0,18.0,5.0,6.82,18-19
8,Roma,Robin Olsen,29.0,2.0,0.0,13.0,1.0,7.35,18-19
9,TSG Hoffenheim,Oliver Baumann,29.0,0.0,0.0,20.0,0.0,6.82,18-19
10,Barcelona,Marc-André ter Stegen,27.0,6.0,0.0,13.0,2.0,7.0,18-19
11,AEK Athens,Vasilis Barkas,27.0,0.0,0.0,16.0,0.0,6.65,18-19
12,Benfica,Odysseas Vlachodimos,24.0,1.0,0.0,15.0,4.0,6.85,18-19
13,Manchester United,David De Gea,24.0,3.0,0.0,17.0,0.0,6.71,18-19
14,FC Bayern München,Manuel Neuer,23.0,4.0,0.0,13.0,2.0,7.01,18-19
15,Juventus,Wojciech Szczęsny,23.0,5.0,1.0,12.0,4.0,6.97,18-19
16,FC Porto,Iker Casillas,22.0,1.0,1.0,11.0,4.0,6.62,18-19
17,CSKA Moscow,Igor Akinfeev,21.0,1.0,1.0,9.0,0.0,6.92,18-19
18,Manchester City,Ederson,21.0,3.0,0.0,12.0,7.0,6.76,18-19
19,Lokomotiv Moscow,Guilherme Marinato,21.0,1.0,0.0,13.0,1.0,6.4,18-19
20,Real Madrid,Thibaut Courtois,20.0,2.0,0.0,14.0,3.0,6.86,18-19
21,Shakhtar Donetsk,Andriy Pyatov,20.0,0.0,0.0,12.0,2.0,6.33,18-19
22,Valencia,Neto,19.0,1.0,0.0,12.0,0.0,7.02,18-19
23,Borussia Dortmund,Roman Bürki,17.0,4.0,0.0,9.0,1.0,6.96,18-19
24,Galatasaray,Fernando Muslera,17.0,2.0,0.0,13.0,3.0,6.77,18-19
25,Napoli,David Ospina,16.0,2.0,0.0,10.0,5.0,6.95,18-19
26,FC Schalke 04,Ralf Fährmann,16.0,2.0,1.0,10.0,1.0,6.37,18-19
27,Viktoria Plzeň,Aleš Hruška,14.0,0.0,0.0,10.0,2.0,6.5,18-19
28,Viktoria Plzeň,Matúš Kozáčik,13.0,0.0,0.0,10.0,0.0,7.0,18-19
29,Young Boys,David von Ballmoos,13.0,0.0,0.0,5.0,0.0,6.05,18-19
30,Club Brugge KV,Ethan Horvath,11.0,3.0,0.0,4.0,0.0,7.67,18-19
31,Atlético Madrid,Jan Oblak,10.0,4.0,0.0,4.0,0.0,6.6,18-19
32,CSKA Moscow,Ilya Pomazun,9.0,0.0,0.0,5.0,1.0,7.6,18-19
33,Paris Saint-Germain,Alphonse Aréola,9.0,0.0,0.0,5.0,0.0,6.43,18-19
34,Paris Saint-Germain,Gianluigi Buffon,9.0,1.0,0.0,3.0,0.0,6.26,18-19
35,AS Monaco,Diego Benaglio,8.0,0.0,0.0,6.0,0.0,6.3,18-19
36,Real Madrid,Keylor Navas,7.0,1.0,0.0,4.0,0.0,7.0,18-19
37,Barcelona,Jasper Cillessen,6.0,0.0,0.0,2.0,0.0,8.0,18-19
38,Young Boys,Marco Wölfli,6.0,0.0,0.0,5.0,0.0,6.9,18-19
39,Club Brugge KV,Karlo Letica,6.0,0.0,0.0,3.0,1.0,6.3,18-19
40,Valencia,Jaume Doménech,4.0,0.0,0.0,0.0,0.0,7.0,18-19
41,AS Monaco,Loïc Badiashile,4.0,0.0,0.0,1.0,0.0,7.0,18-19
42,Tottenham Hotspur,Paulo Gazzaniga,3.0,0.0,0.0,3.0,2.0,7.2,18-19
43,Tottenham Hotspur,Michel Vorm,3.0,0.0,0.0,2.0,0.0,6.3,18-19
44,Roma,Antonio Mirante,3.0,0.0,0.0,2.0,0.0,6.25,18-19
45,FC Schalke 04,Alexander Nübel,2.0,2.0,0.0,1.0,1.0,7.15,18-19
46,Manchester United,Sergio Romero,2.0,0.0,0.0,2.0,0.0,6.3,18-19
47,AS Monaco,Danijel Subašić,2.0,0.0,0.0,2.0,0.0,5.8,18-19
48,Olympique Lyonnais,Mathieu Gorgelin,1.0,0.0,0.0,1.0,0.0,5.7,18-19
49,Borussia Dortmund,Marwin Hitz,0.0,1.0,0.0,0.0,0.0,7.1,18-19
50,CSKA Moscow,Georgiy Kyrnats,0.0,0.0,0.0,0.0,0.0,0.0,18-19
1,Real Madrid,Thibaut Courtois,59.0,5.0,1.0,35.0,3.0,7.48,21-22
2,Villarreal,Gerónimo Rulli,41.0,3.0,0.0,24.0,10.0,6.84,21-22
3,Benfica,Odysseas Vlachodimos,37.0,5.0,1.0,26.0,2.0,7.12,21-22
4,Sheriff Tiraspol,Giorgos Athanasiadis,27.0,1.0,0.0,17.0,0.0,7.42,21-22
5,Club Brugge KV,Simon Mignolet,27.0,0.0,0.0,25.0,4.0,6.7,21-22
6,Atlético Madrid,Jan Oblak,26.0,3.0,0.0,17.0,3.0,6.91,21-22
7,Atalanta,Juan Musso,21.0,1.0,0.0,14.0,3.0,6.65,21-22
8,Manchester United,David De Gea,20.0,1.0,0.0,11.0,1.0,6.74,21-22
9,Beşiktaş,Ersin Destanoğlu,20.0,0.0,0.0,14.0,5.0,6.36,21-22
10,Paris Saint-Germain,Gianluigi Donnarumma,19.0,2.0,1.0,13.0,3.0,7.28,21-22
11,Malmö FF,Johan Dahlin,19.0,0.0,0.0,14.0,0.0,6.8,21-22
12,VfL Wolfsburg,Koen Casteels,18.0,1.0,0.0,11.0,0.0,6.92,21-22
13,FC Porto,Diogo Costa,18.0,2.0,0.0,9.0,5.0,6.62,21-22
14,Shakhtar Donetsk,Anatoliy Trubin,17.0,0.0,0.0,12.0,1.0,6.87,21-22
15,Sporting,Antonio Adán,17.0,2.0,0.0,8.0,0.0,6.59,21-22
16,Barcelona,Marc-André ter Stegen,16.0,3.0,0.0,13.0,1.0,6.73,21-22
17,Red Bull Salzburg,Philipp Köhn,16.0,1.0,0.0,11.0,3.0,6.49,21-22
18,Manchester City,Ederson,15.0,3.0,0.0,11.0,6.0,6.54,21-22
19,FC Bayern München,Manuel Neuer,14.0,4.0,0.0,8.0,5.0,6.93,21-22
20,Sevilla,Bono,14.0,2.0,0.0,8.0,3.0,6.93,21-22
21,Milan,Mike Maignan,14.0,0.0,1.0,8.0,0.0,6.83,21-22
22,AFC Ajax,Remko Pasveer,14.0,2.0,0.0,7.0,0.0,6.75,21-22
23,Liverpool,Alisson,14.0,4.0,0.0,10.0,9.0,6.64,21-22
24,Borussia Dortmund,Gregor Kobel,13.0,2.0,1.0,10.0,2.0,6.7,21-22
25,Juventus,Wojciech Szczęsny,13.0,3.0,0.0,9.0,2.0,6.69,21-22
26,Dynamo Kyiv,Heorhiy Bushchan,13.0,0.0,0.0,7.0,1.0,6.4,21-22
27,Lille,Ivo Grbić,12.0,3.0,0.0,6.0,0.0,6.88,21-22
28,Inter,Samir Handanović,12.0,3.0,0.0,4.0,1.0,6.81,21-22
29,Malmö FF,Ismael Diawara,12.0,0.0,0.0,9.0,1.0,6.77,21-22
30,Paris Saint-Germain,Keylor Navas,11.0,0.0,0.0,9.0,0.0,7.13,21-22
31,Zenit St. Petersburg,Stanislav Kritsyuk,11.0,1.0,0.0,6.0,0.0,6.88,21-22
32,Young Boys,Guillaume Faivre,11.0,0.0,0.0,6.0,0.0,6.83,21-22
33,RB Leipzig,Péter Gulácsi,11.0,0.0,0.0,9.0,2.0,6.18,21-22
34,Young Boys,David von Ballmoos,9.0,0.0,0.0,9.0,0.0,6.67,21-22
35,Chelsea,Edouard Mendy,9.0,5.0,0.0,4.0,3.0,6.64,21-22
36,Milan,Ciprian Tătărușanu,7.0,1.0,0.0,6.0,0.0,7.1,21-22
37,Shakhtar Donetsk,Andriy Pyatov,6.0,1.0,0.0,3.0,0.0,6.87,21-22
38,VfL Wolfsburg,Pavao Pervan,5.0,0.0,0.0,3.0,1.0,7.1,21-22
39,Sheriff Tiraspol,Dumitru Celeadnic,5.0,0.0,0.0,2.0,0.0,7.0,21-22
40,Zenit St. Petersburg,Mikhail Kerzhakov,5.0,0.0,0.0,4.0,0.0,6.4,21-22
41,Dynamo Kyiv,Denys Boyko,4.0,1.0,0.0,2.0,0.0,7.7,21-22
42,FC Bayern München,Sven Ulreich,4.0,0.0,0.0,3.0,1.0,7.5,21-22
43,Beşiktaş,Mert Günok,4.0,0.0,0.0,3.0,1.0,6.7,21-22
44,Chelsea,Kepa Arrizabalaga,4.0,0.0,0.0,4.0,0.0,6.5,21-22
45,Lille,Léo Jardim,4.0,0.0,0.0,3.0,0.0,6.3,21-22
46,RB Leipzig,Josep Martínez,3.0,1.0,0.0,3.0,1.0,7.6,21-22
47,Manchester United,Dean Henderson,3.0,0.0,0.0,1.0,3.0,6.8,21-22
48,Manchester City,Zack Steffen,3.0,0.0,0.0,3.0,1.0,6.8,21-22
49,Sporting,João Virgínia,3.0,0.0,0.0,2.0,0.0,6.1,21-22
50,Juventus,Mattia Perin,2.0,1.0,0.0,0.0,0.0,7.3,21-22
51,AFC Ajax,André Onana,2.0,0.0,0.0,2.0,1.0,6.15,21-22
52,Manchester City,Scott Carson,1.0,0.0,0.0,1.0,0.0,6.7,21-22
53,Shakhtar Donetsk,Oleksiy Shevchenko,1.0,0.0,0.0,1.0,0.0,6.3,21-22
54,Manchester United,Tom Heaton,0.0,0.0,0.0,0.0,0.0,6.5,21-22
1,Galatasaray,Fernando Muslera,33.0,1.0,0.0,23.0,1.0,7.28,19-20
2,RB Leipzig,Péter Gulácsi,33.0,3.0,0.0,20.0,5.0,7.06,19-20
3,FK Crvena zvezda,Milan Borjan,33.0,0.0,0.0,16.0,1.0,6.95,19-20
4,Lokomotiv Moscow,Guilherme Marinato,29.0,0.0,0.0,15.0,2.0,7.3,19-20
5,FC Bayern München,Manuel Neuer,28.0,6.0,0.0,21.0,6.0,7.08,19-20
6,Barcelona,Marc-André ter Stegen,27.0,2.0,1.0,24.0,2.0,6.99,19-20
7,AFC Ajax,André Onana,26.0,3.0,0.0,14.0,2.0,7.47,19-20
8,SK Slavia Praha,Ondřej Kolář,26.0,1.0,0.0,17.0,6.0,7.35,19-20
9,Borussia Dortmund,Roman Bürki,26.0,2.0,1.0,19.0,3.0,7.04,19-20
10,Olympique Lyonnais,Anthony Lopes,25.0,2.0,0.0,14.0,2.0,6.66,19-20
11,Atlético Madrid,Jan Oblak,23.0,4.0,0.0,13.0,1.0,6.94,19-20
12,GNK Dinamo Zagreb,Dominik Livaković,22.0,1.0,0.0,14.0,1.0,6.73,19-20
13,Inter,Samir Handanović,21.0,1.0,0.0,10.0,0.0,6.88,19-20
14,Valencia,Jasper Cillessen,21.0,1.0,0.0,13.0,1.0,6.87,19-20
15,Olympiacos FC,José Sá,21.0,1.0,0.0,14.0,0.0,6.72,19-20
16,Zenit St. Petersburg,Mikhail Kerzhakov,20.0,1.0,0.0,8.0,1.0,7.33,19-20
17,Paris Saint-Germain,Keylor Navas,20.0,5.0,1.0,14.0,0.0,7.26,19-20
18,Real Madrid,Thibaut Courtois,20.0,2.0,0.0,17.0,0.0,6.93,19-20
19,Atalanta,Pierluigi Gollini,20.0,2.0,0.0,8.0,3.0,6.64,19-20
20,KRC Genk,Gaëtan Coucke,20.0,1.0,0.0,15.0,5.0,6.56,19-20
21,Shakhtar Donetsk,Andriy Pyatov,20.0,0.0,1.0,8.0,2.0,6.52,19-20
22,Bayer 04 Leverkusen,Lukáš Hrádecký,19.0,1.0,0.0,13.0,0.0,6.8,19-20
23,Lille,Mike Maignan,19.0,0.0,0.0,11.0,2.0,6.63,19-20
24,Benfica,Odysseas Vlachodimos,18.0,1.0,0.0,11.0,4.0,6.95,19-20
25,Manchester City,Ederson,18.0,2.0,0.0,11.0,9.0,6.76,19-20
26,Tottenham Hotspur,Paulo Gazzaniga,17.0,2.0,0.0,11.0,1.0,7.28,19-20
27,Juventus,Wojciech Szczęsny,16.0,2.0,0.0,9.0,1.0,6.9,19-20
28,Napoli,Alex Meret,15.0,3.0,0.0,11.0,2.0,7.07,19-20
29,Club Brugge KV,Simon Mignolet,14.0,1.0,0.0,7.0,1.0,6.47,19-20
30,Liverpool,Alisson,13.0,1.0,0.0,9.0,4.0,7.1,19-20
31,Chelsea,Kepa Arrizabalaga,13.0,1.0,1.0,12.0,4.0,6.73,19-20
32,Zenit St. Petersburg,Andrey Lunev,12.0,0.0,0.0,5.0,0.0,7.45,19-20
33,Tottenham Hotspur,Hugo Lloris,12.0,0.0,0.0,8.0,0.0,6.18,19-20
34,Red Bull Salzburg,Cican Stanković,9.0,0.0,0.0,8.0,1.0,6.38,19-20
35,Atalanta,Marco Sportiello,8.0,0.0,0.0,5.0,0.0,6.65,19-20
36,Liverpool,Adrián,8.0,0.0,0.0,4.0,0.0,6.03,19-20
37,Barcelona,Neto,7.0,0.0,0.0,4.0,0.0,8.0,19-20
38,Red Bull Salzburg,Carlos Coronel,7.0,0.0,0.0,4.0,0.0,6.7,19-20
39,Chelsea,Willy Caballero,6.0,0.0,0.0,2.0,1.0,5.75,19-20
40,Lokomotiv Moscow,Anton Kochenkov,4.0,0.0,1.0,2.0,0.0,6.7,19-20
41,Paris Saint-Germain,Sergio Rico,3.0,2.0,0.0,0.0,0.0,6.87,19-20
42,Valencia,Jaume Doménech,3.0,1.0,0.0,2.0,1.0,6.55,19-20
43,RB Leipzig,Yvon Mvogo,2.0,0.0,0.0,0.0,0.0,6.8,19-20
44,Real Madrid,Alphonse Aréola,2.0,0.0,0.0,2.0,0.0,6.7,19-20
45,Napoli,David Ospina,2.0,0.0,0.0,2.0,0.0,6.25,19-20
46,Juventus,Gianluigi Buffon,1.0,1.0,0.0,1.0,0.0,7.4,19-20
47,Lille,Léo Jardim,1.0,0.0,0.0,0.0,0.0,6.6,19-20
48,Manchester City,Claudio Bravo,1.0,0.0,0.0,1.0,2.0,6.3,19-20
49,KRC Genk,Maarten Vandevoordt,1.0,0.0,0.0,0.0,0.0,4.3,19-20
1,Atlético Madrid,Jan Oblak,37.0,6.0,1.0,25.0,1.0,7.08,16-17
2,FC Bayern München,Manuel Neuer,36.0,2.0,1.0,22.0,4.0,6.98,16-17
3,Real Madrid,Keylor Navas,33.0,1.0,0.0,18.0,9.0,6.73,16-17
4,Legia Warszawa,Arkadiusz Malarz,31.0,1.0,0.0,21.0,2.0,7.1,16-17
5,Club Brugge KV,Ludovic Butelle,31.0,0.0,1.0,19.0,7.0,6.77,16-17
6,CSKA Moscow,Igor Akinfeev,29.0,0.0,0.0,18.0,1.0,6.72,16-17
7,FC Rostov,Soslan Dzhanaev,28.0,1.0,1.0,17.0,3.0,6.9,16-17
8,AS Monaco,Danijel Subašić,28.0,1.0,0.0,17.0,8.0,6.62,16-17
9,Barcelona,Marc-André ter Stegen,27.0,4.0,1.0,18.0,8.0,6.88,16-17
10,GNK Dinamo Zagreb,Dominik Livaković,25.0,0.0,0.0,15.0,3.0,7.23,16-17
11,Benfica,Ederson,24.0,3.0,2.0,16.0,13.0,7.07,16-17
12,Leicester City,Kasper Schmeichel,23.0,5.0,2.0,13.0,10.0,7.23,16-17
13,Borussia M'gladbach,Yann Sommer,23.0,1.0,0.0,13.0,6.0,6.82,16-17
14,Juventus,Gianluigi Buffon,21.0,8.0,1.0,13.0,6.0,6.95,16-17
15,Arsenal,David Ospina,21.0,2.0,0.0,15.0,17.0,6.76,16-17
16,Beşiktaş,Fabri,21.0,0.0,1.0,11.0,9.0,6.76,16-17
17,Tottenham Hotspur,Hugo Lloris,20.0,2.0,1.0,11.0,5.0,7.22,16-17
18,Ludogorets,Vladislav Stoyanov,19.0,1.0,0.0,10.0,1.0,6.7,16-17
19,Sevilla,Sergio Rico,18.0,5.0,0.0,9.0,2.0,6.95,16-17
20,PSV Eindhoven,Jeroen Zoet,18.0,1.0,0.0,12.0,6.0,6.9,16-17
21,FC Porto,Iker Casillas,18.0,3.0,0.0,9.0,2.0,6.83,16-17
22,Celtic,Craig Gordon,18.0,0.0,0.0,11.0,2.0,6.74,16-17
23,Basel,Tomáš Vaclík,18.0,1.0,0.0,15.0,3.0,6.72,16-17
24,Borussia Dortmund,Roman Bürki,18.0,3.0,0.0,13.0,2.0,6.7,16-17
25,Bayer 04 Leverkusen,Bernd Leno,16.0,3.0,0.0,10.0,5.0,6.8,16-17
26,Dynamo Kyiv,Artur Rudko,14.0,2.0,0.0,4.0,3.0,6.86,16-17
27,Olympique Lyonnais,Anthony Lopes,13.0,3.0,0.0,7.0,8.0,7.17,16-17
28,FC København,Robin Olsen,13.0,4.0,0.0,7.0,5.0,7.05,16-17
29,Manchester City,Willy Caballero,12.0,0.0,2.0,10.0,10.0,6.62,16-17
30,Napoli,Pepe Reina,11.0,1.0,0.0,7.0,5.0,6.31,16-17
31,Borussia Dortmund,Roman Weidenfeller,9.0,0.0,0.0,6.0,2.0,6.6,16-17
32,Sporting,Rui Patrício,9.0,1.0,0.0,5.0,2.0,6.58,16-17
33,GNK Dinamo Zagreb,Adrian Šemper,9.0,0.0,0.0,6.0,0.0,6.35,16-17
34,PSV Eindhoven,Remko Pasveer,7.0,0.0,0.0,3.0,0.0,7.3,16-17
35,Paris Saint-Germain,Alphonse Aréola,7.0,1.0,1.0,5.0,3.0,6.53,16-17
36,Manchester City,Claudio Bravo,7.0,1.0,0.0,5.0,4.0,6.48,16-17
37,Paris Saint-Germain,Kevin Trapp,5.0,1.0,0.0,4.0,1.0,6.5,16-17
38,Beşiktaş,Tolga Zengin,4.0,0.0,0.0,2.0,1.0,7.3,16-17
39,AS Monaco,Morgan De Sanctis,4.0,0.0,0.0,3.0,0.0,6.4,16-17
40,Real Madrid,Kiko Casilla,3.0,0.0,0.0,1.0,1.0,6.9,16-17
41,Juventus,Neto,2.0,1.0,0.0,0.0,0.0,7.0,16-17
42,Leicester City,Ron-Robert Zieler,2.0,0.0,0.0,1.0,0.0,6.7,16-17
43,Atlético Madrid,Miguel Ángel Moyà,2.0,0.0,0.0,0.0,0.0,6.4,16-17
44,Leicester City,Ben Hamer,2.0,0.0,0.0,1.0,2.0,5.6,16-17
45,Benfica,Júlio César,2.0,0.0,0.0,2.0,2.0,5.2,16-17
46,Celtic,Dorus De Vries,2.0,0.0,0.0,1.0,0.0,5.2,16-17
47,Legia Warszawa,Radosław Cierzniak,2.0,0.0,0.0,2.0,0.0,4.5,16-17
48,FC Bayern München,Sven Ulreich,1.0,0.0,0.0,1.0,1.0,6.1,16-17
49,Ludogorets,Milan Borjan,1.0,0.0,0.0,1.0,0.0,5.8,16-17
50,Bayer 04 Leverkusen,Ramazan Özcan,0.0,1.0,0.0,0.0,0.0,6.9,16-17
51,Barcelona,Jasper Cillessen,0.0,1.0,0.0,0.0,1.0,6.8,16-17
52,Dynamo Kyiv,Oleksandr Shovkovskyi,0.0,0.0,0.0,0.0,0.0,6.3,16-17
1,Roma,Alisson,46.0,5.0,0.0,30.0,11.0,7.03,17-18
2,Qarabağ,Ibrahim Šehić,34.0,1.0,0.0,20.0,1.0,7.27,17-18
3,Shakhtar Donetsk,Andriy Pyatov,33.0,0.0,1.0,21.0,6.0,6.94,17-18
4,Real Madrid,Keylor Navas,33.0,2.0,0.0,24.0,3.0,6.87,17-18
5,FC Bayern München,Sven Ulreich,31.0,3.0,0.0,18.0,5.0,6.95,17-18
6,NK Maribor,Jasmin Handanović,31.0,0.0,1.0,19.0,3.0,6.78,17-18
7,Paris Saint-Germain,Alphonse Aréola,29.0,4.0,0.0,16.0,4.0,7.11,17-18
8,CSKA Moscow,Igor Akinfeev,27.0,1.0,0.0,18.0,1.0,6.9,17-18
9,Liverpool,Loris Karius,27.0,6.0,0.0,14.0,9.0,6.62,17-18
10,Manchester United,David De Gea,25.0,4.0,0.0,15.0,0.0,7.33,17-18
11,Tottenham Hotspur,Hugo Lloris,25.0,1.0,0.0,16.0,5.0,7.11,17-18
12,Olympiacos FC,Silvio Proto,24.0,1.0,0.0,17.0,3.0,7.14,17-18
13,Beşiktaş,Fabri,24.0,1.0,0.0,11.0,2.0,6.83,17-18
14,Manchester City,Ederson,23.0,4.0,1.0,12.0,9.0,6.86,17-18
15,Borussia Dortmund,Roman Bürki,23.0,0.0,0.0,18.0,8.0,6.73,17-18
16,Juventus,Gianluigi Buffon,23.0,2.0,0.0,14.0,1.0,6.64,17-18
17,Celtic,Craig Gordon,23.0,1.0,0.0,12.0,1.0,6.5,17-18
18,Barcelona,Marc-André ter Stegen,22.0,5.0,0.0,11.0,2.0,6.92,17-18
19,Sporting,Rui Patrício,21.0,0.0,0.0,11.0,1.0,6.72,17-18
20,Chelsea,Thibaut Courtois,20.0,2.0,0.0,10.0,1.0,6.68,17-18
21,Napoli,Pepe Reina,18.0,1.0,1.0,10.0,1.0,6.67,17-18
22,Sevilla,Sergio Rico,18.0,2.0,0.0,11.0,2.0,6.59,17-18
23,Basel,Tomáš Vaclík,17.0,4.0,0.0,12.0,4.0,6.81,17-18
24,APOEL Nicosia,Nauzet Pérez,16.0,0.0,0.0,11.0,2.0,6.87,17-18
25,RB Leipzig,Péter Gulácsi,16.0,0.0,0.0,11.0,3.0,6.53,17-18
26,Atlético Madrid,Jan Oblak,14.0,3.0,0.0,7.0,0.0,6.9,17-18
27,RSC Anderlecht,Matz Sels,14.0,0.0,0.0,8.0,1.0,6.67,17-18
28,FC Spartak Moscow,Aleksandr Selikhov,14.0,0.0,0.0,8.0,1.0,6.5,17-18
29,Beşiktaş,Tolga Zengin,13.0,0.0,0.0,8.0,0.0,7.55,17-18
30,FC Porto,José Sá,12.0,0.0,0.0,6.0,0.0,6.2,17-18
31,RSC Anderlecht,Frank Boeckx,11.0,1.0,0.0,5.0,2.0,6.67,17-18
32,Feyenoord,Brad Jones,11.0,0.0,0.0,4.0,2.0,6.24,17-18
33,Sevilla,David Soria,9.0,1.0,0.0,6.0,1.0,7.45,17-18
34,FC Spartak Moscow,Artem Rebrov,9.0,0.0,0.0,4.0,0.0,7.0,17-18
35,Benfica,Mile Svilar,9.0,0.0,1.0,5.0,4.0,6.6,17-18
36,FC Porto,Iker Casillas,8.0,2.0,0.0,8.0,2.0,7.03,17-18
37,AS Monaco,Diego Benaglio,8.0,0.0,0.0,7.0,3.0,6.33,17-18
38,Manchester United,Sergio Romero,7.0,0.0,0.0,3.0,0.0,6.85,17-18
39,Benfica,Bruno Varela,7.0,0.0,0.0,4.0,1.0,6.8,17-18
40,Real Madrid,Kiko Casilla,6.0,1.0,0.0,3.0,0.0,6.85,17-18
41,APOEL Nicosia,Boy Waterman,5.0,0.0,0.0,3.0,1.0,6.4,17-18
42,AS Monaco,Danijel Subašić,4.0,0.0,0.0,4.0,0.0,6.23,17-18
43,Juventus,Wojciech Szczęsny,3.0,1.0,0.0,2.0,0.0,7.5,17-18
44,Barcelona,Jasper Cillessen,3.0,1.0,0.0,1.0,0.0,7.3,17-18
45,Feyenoord,Kenneth Vermeer,3.0,0.0,0.0,2.0,0.0,7.0,17-18
46,Benfica,Júlio César,3.0,0.0,0.0,3.0,0.0,6.2,17-18
47,Olympiacos FC,Stefanos Kapino,3.0,0.0,0.0,3.0,0.0,5.9,17-18
48,APOEL Nicosia,Raúl Gudiño,2.0,0.0,0.0,1.0,0.0,6.5,17-18
49,FC Bayern München,Manuel Neuer,1.0,1.0,0.0,0.0,0.0,7.0,17-18
50,Manchester City,Claudio Bravo,1.0,0.0,0.0,1.0,3.0,6.5,17-18
51,Tottenham Hotspur,Michel Vorm,0.0,1.0,0.0,0.0,0.0,6.9,17-18
52,Borussia Dortmund,Roman Weidenfeller,0.0,0.0,0.0,0.0,0.0,0.0,17-18
