#,Time,Time,Nome,Gols,Gols esperados (xG),Dribles certos,Desarmes,Assistências,Passes certos %,Notas Sofascore
1,Barcelona,,Robert Lewandowski,5,3.15,3,5,0,68.29,
2,Paris Saint-Germain,,Lionel Messi,4,2.64,14,4,4,87.37,
3,Borussia Dortmund,,Gregor Kobel,0,0,0,0,0,74.42,
4,Benfica,,Henrique Araújo,1,0.23,0,0,0,83.33,
5,FC Bayern München,,Joshua Kimmich,1,1.7,3,19,3,91.19,
6,FC Bayern München,,Lucas Hernández,1,0.36,1,3,0,88.06,
7,Liverpool,,Mohamed Salah,8,4,9,3,2,85.37,
8,Atlético Madrid,,Felipe,0,0.18,0,4,0,85.19,
9,FC Porto,,Mehdi Taremi,5,5.98,3,8,2,73.99,
10,Manchester City,,Kevin De Bruyne,2,1.26,10,9,6,77.71,
11,Red Bull Salzburg,,Fernando,0,0.58,1,1,1,90,
12,Juventus,,Ángel Di María,0,0.32,4,1,3,75.38,
13,FC Bayern München,,Manuel Neuer,0,0,0,0,0,80.19,
14,Paris Saint-Germain,,Kylian Mbappé,7,3.61,17,0,3,80.47,
15,FC Porto,,Diogo Costa,0,0,0,0,1,70.36,
16,Milan,,Ciprian Tătărușanu,0,0,0,0,0,76.58,
17,Chelsea,,Jorginho,1,0.88,4,14,0,93.3,
18,FC Bayern München,,Leroy Sané,4,2.52,10,10,1,85.54,
19,Paris Saint-Germain,,Neymar,2,2.11,14,3,2,85.79,
20,Liverpool,,Konstantinos Tsimikas,0,0.12,4,5,2,78.23,
21,FC København,,Kamil Grabara,0,0,0,0,0,57.94,
22,Club Brugge KV,,Simon Mignolet,0,0,0,0,0,71.33,
23,Napoli,,Giovanni Di Lorenzo,2,1.16,8,18,2,85.66,
24,Manchester City,,Erling Haaland,12,10.66,12,1,1,74.59,
25,Manchester City,,Rúben Dias,1,1.74,3,26,0,95.07,
26,Inter,,André Onana,0,0,0,0,0,74.89,
27,Napoli,,Giacomo Raspadori,4,0.97,0,4,3,80.81,
28,Napoli,,Piotr Zieliński,4,4.02,8,8,2,87.09,
29,Manchester City,,Rodri,2,0.91,9,24,0,92.2,
30,Celtic,,Jota,2,0.9,11,1,0,78.65,
31,Olympique de Marseille,,Amine Harit,1,1.04,11,1,2,89.9,
32,Tottenham Hotspur,,Ivan Perišić,0,0.17,8,19,3,75,
33,Juventus,,Samuel Iling Junior,0,0,0,0,1,50,
34,Tottenham Hotspur,,Pape Matar Sarr,0,0.06,1,5,0,83.05,
35,Barcelona,,Iñaki Peña,0,0,0,0,0,94.12,
36,Sevilla,,Marko Dmitrović,0,0,0,0,0,64.18,
37,Real Madrid,,Federico Valverde,2,1.65,11,18,3,89.35,
38,Borussia Dortmund,,Thomas Meunier,0,0.13,2,13,1,80.48,
39,Real Madrid,,Toni Kroos,0,0.28,2,26,2,93.82,
40,Sporting,,Arthur Gomes,2,0.27,2,2,0,81.58,
41,Napoli,,Victor Osimhen,5,4.93,5,5,0,68.75,
42,Barcelona,,Ousmane Dembélé,1,1.07,12,11,2,79.61,
43,Real Madrid,,Thibaut Courtois,0,0,0,1,0,74.92,
44,Napoli,,Leo Østigård,1,0.11,0,3,0,88.78,
45,FC Bayern München,,Sven Ulreich,0,0,0,0,0,86.27,
46,Benfica,,Alejandro Grimaldo,2,1.18,10,25,4,85.18,
47,Milan,,Malick Thiaw,0,0.77,1,10,0,85.29,
48,Atlético Madrid,,Geoffrey Kondogbia,0,0.3,1,8,0,88.29,
49,Manchester City,,Ederson,0,0,1,0,0,82.72,
50,FC Bayern München,,Kingsley Coman,1,0.96,17,11,1,83.67,
51,Juventus,,Adrien Rabiot,2,0.59,4,16,0,86.9,
52,Liverpool,,Thiago Alcântara,0,0.17,2,15,0,89.04,
53,FC Bayern München,,Yann Sommer,0,0,0,0,0,83.7,
54,Manchester City,,Nathan Aké,0,0.16,2,12,0,93.66,
55,AFC Ajax,,Steven Berghuis,2,1.06,1,13,2,79.67,
56,Shakhtar Donetsk,,Anatoliy Trubin,0,0,0,0,0,74.79,
57,Real Madrid,,Rodrygo,5,4.69,14,7,2,88.32,
58,Inter,,Alessandro Bastoni,0,0.21,2,20,3,84.51,
59,Barcelona,,Jordi Alba,0,0,0,0,1,91.25,
60,Borussia Dortmund,,Mats Hummels,0,0.04,0,8,0,85.2,
61,GNK Dinamo Zagreb,,Dino Perić,0,0,1,8,0,85.48,
62,Manchester City,,Jack Grealish,0,1.01,26,8,1,87.76,
63,Atlético Madrid,,Antoine Griezmann,1,2.53,4,7,1,82.88,
64,Benfica,,João Mário,6,4.65,14,12,2,88.37,
65,Borussia Dortmund,,Jude Bellingham,4,1.34,11,15,1,83.23,
66,FC Bayern München,,Eric Maxim Choupo-Moting,4,2.58,5,7,0,77.32,
67,AFC Ajax,,Mohammed Kudus,4,1.77,11,4,2,85.71,
68,Liverpool,,Trent Alexander-Arnold,1,0.33,5,19,0,80.64,
69,Milan,,Mike Maignan,0,0,0,0,0,81.06,
70,Benfica,,Alexander Bah,0,0.07,8,14,2,81.69,
71,Napoli,,Min-jae Kim,0,0.04,2,12,0,87.89,
72,Manchester City,,Riyad Mahrez,3,3.48,12,9,2,88.89,
73,Shakhtar Donetsk,,Marian Shved,2,0.44,3,6,0,72.34,
74,Sevilla,,Fernando,0,0,0,0,0,95.83,
75,Borussia Dortmund,,Felix Passlack,0,0,1,3,0,82.76,
76,Chelsea,,Enzo Fernández,0,0.77,5,27,1,88.61,
77,Barcelona,,Ferran Torres,3,1.26,4,2,1,85.53,
78,Barcelona,,Raphinha,0,0.49,1,8,2,80.95,
79,FC Bayern München,,Leon Goretzka,2,1.85,1,16,4,88.31,
80,Chelsea,,Reece James,1,0.55,16,14,1,86.87,
81,FC Bayern München,,Matthijs de Ligt,0,0.07,0,5,0,93.01,
82,Manchester City,,Bernardo Silva,3,1.11,26,19,1,90.07,
83,FC Bayern München,,Sadio Mané,3,1.92,12,10,1,80.1,
84,Borussia Dortmund,,Raphaël Guerreiro,2,0.71,3,7,1,81.42,
85,Liverpool,,Luis Díaz,1,0.49,4,4,0,81.05,
86,FC Porto,,Iván Marcano,0,0.1,0,2,0,88.89,
87,Chelsea,,Thiago Silva,0,0.69,1,8,0,89.58,
88,Real Madrid,,Karim Benzema,4,5.13,7,2,1,85.62,
89,Barcelona,,Marcos Alonso,1,1.01,2,5,0,91.21,
90,Napoli,,Tanguy Ndombélé,1,0.88,11,8,1,87.12,
91,Napoli,,Frank Anguissa,1,0.82,14,14,3,85.75,
92,Olympique de Marseille,,Alexis Sánchez,2,2.83,1,7,0,83.59,
93,Bayer 04 Leverkusen,,Robert Andrich,1,0.34,0,10,0,85.37,
94,Manchester City,,Phil Foden,1,0.97,7,5,1,85.65,
95,FC Bayern München,,Benjamin Pavard,2,1.06,1,12,0,91.09,
96,Red Bull Salzburg,,Nicolas Seiwald,1,0.41,1,19,0,77.41,
97,Barcelona,,Sergi Roberto,0,0.14,0,5,2,92.49,
98,Benfica,,Nicolás Otamendi,0,0.27,0,17,1,89.55,
99,RB Leipzig,,Mohamed Simakan,1,0.37,6,16,3,75.26,
100,Tottenham Hotspur,,Pierre-Emile Højbjerg,1,0.33,7,12,2,89.45,
101,FC Porto,,Otávio,0,0.65,11,17,2,77.73,
102,Manchester City,,Manuel Akanji,1,0.94,1,27,0,92.14,
103,Tottenham Hotspur,,Heung-min Son,2,1.55,7,10,0,78.4,
104,Eintracht Frankfurt,,Kevin Trapp,0,0,0,0,0,58.55,
105,Napoli,,Alex Meret,0,0,0,0,0,86.52,
106,Chelsea,,Ben Chilwell,0,0.22,6,12,0,81.59,
107,Real Madrid,,Vinícius Júnior,7,6.52,47,10,5,80.54,
108,FC Porto,,Stephen Eustaquio,2,1.39,3,14,0,75.56,
109,Inter,,Hakan Çalhanoğlu,1,0.44,4,16,2,89.97,
110,Liverpool,,Joël Matip,1,0.4,1,8,0,88.57,
111,Viktoria Plzeň,,Jan Kliment,1,0.11,0,0,0,87.5,
112,Olympique de Marseille,,Jordan Veretout,0,0.12,1,16,1,90.79,
113,FC Porto,,Fábio Cardoso,0,0.18,1,7,0,88.68,
114,Juventus,,Daniele Rugani,0,0.15,0,2,0,88.89,
115,Liverpool,,Cody Gakpo,0,0.09,2,6,0,85,
116,Tottenham Hotspur,,Fraser Forster,0,0,0,0,0,79.49,
117,Sevilla,,Marcão,0,0,0,7,0,85.98,
118,Tottenham Hotspur,,Hugo Lloris,0,0,0,0,0,83.56,
119,Chelsea,,Kepa Arrizabalaga,0,0,0,0,0,67.57,
120,FC Bayern München,,João Cancelo,0,0.3,7,14,4,87.91,
121,FC Porto,,Wenderson Galeno,2,2.77,10,3,1,72.08,
122,Chelsea,,Kalidou Koulibaly,0,0.47,1,12,0,88.83,
123,Manchester City,,İlkay Gündoğan,1,1.61,11,12,2,89.92,
124,Milan,,Sandro Tonali,0,0.63,6,19,2,78.6,
125,Liverpool,,Jordan Henderson,0,0,2,7,1,88.46,
126,Napoli,,Giovanni Simeone,4,2.88,1,3,0,74.6,
127,Napoli,,Amir Rrahmani,0,0.22,1,9,0,89.37,
128,Manchester City,,Julián Álvarez,3,2.37,3,5,2,83.93,
129,Real Madrid,,Luka Modrić,2,1.3,10,4,1,89.93,
130,Borussia Dortmund,,Julian Brandt,1,0.85,10,7,1,85.27,
131,Tottenham Hotspur,,Rodrigo Bentancur,1,0.39,6,12,0,87.29,
132,FC Bayern München,,Alphonso Davies,0,0.49,23,22,2,89.55,
133,Olympique de Marseille,,Valentin Rongier,0,0.4,4,15,0,90.22,
134,RB Leipzig,,André Silva,3,2.14,6,6,1,79.75,
135,Tottenham Hotspur,,Clément Lenglet,1,0.18,1,15,0,85.42,
136,Benfica,,Chiquinho,0,0.39,7,11,1,90.88,
137,Inter,,Edin Džeko,4,3.22,11,4,1,65.2,
138,Maccabi Haifa,,Omer Atzili,2,0.69,3,7,1,71,
139,Manchester City,,John Stones,1,0.1,10,2,1,90.64,
140,Manchester City,,Rico Lewis,1,0.28,2,1,0,91.3,
141,Juventus,,Juan Cuadrado,0,0.14,6,12,1,89.43,
142,Celtic,,Matt O'Riley,0,0.94,3,18,0,83.91,
143,Milan,,Simon Kjær,0,0.26,0,6,0,86.18,
144,Juventus,,Mattia Perin,0,0,0,0,0,79.55,
145,Inter,,Federico Dimarco,0,1.35,4,9,5,75.6,
146,Napoli,,Khvicha Kvaratskhelia,2,5.78,35,12,4,76.72,
147,RB Leipzig,,Christopher Nkunku,3,1.62,8,6,1,92.92,
148,Paris Saint-Germain,,Marco Verratti,0,0.08,11,27,1,92.98,
149,Club Brugge KV,,Andreas Skov Olsen,1,0.13,3,4,1,75.32,
150,Atlético Madrid,,Rodrigo de Paul,1,0.22,3,4,0,84.04,
151,Bayer 04 Leverkusen,,Moussa Diaby,2,1.73,6,4,0,79.89,
152,Borussia Dortmund,,Marco Reus,1,0.85,3,4,1,83.16,
153,Milan,,Matteo Gabbia,1,0.37,0,3,0,89.52,
154,Atlético Madrid,,Axel Witsel,0,0.06,1,6,1,93.59,
155,Barcelona,,Andreas Christensen,0,0.05,1,4,0,94.74,
156,Milan,,Rafael Leão,1,1.58,39,3,3,75,
157,Eintracht Frankfurt,,Daichi Kamada,3,3.01,6,17,0,82.67,
158,Juventus,,Leandro Paredes,0,0.12,1,10,1,92.07,
159,FC Porto,,Marko Grujić,0,0.5,2,5,0,87.32,
160,Maccabi Haifa,,Daniel Sundgren,0,0.02,1,12,0,84.07,
161,Olympique de Marseille,,Chancel Mbemba,2,0.44,1,14,1,84.47,
162,Chelsea,,Kai Havertz,2,2.62,12,6,0,79.22,
163,Bayer 04 Leverkusen,,Edmond Tapsoba,0,0.07,0,6,0,91.34,
164,Sporting,,Marcus Edwards,2,0.72,10,3,2,77.57,
165,Maccabi Haifa,,Tjaronn Chery,2,1.61,4,2,1,84.03,
166,Olympique de Marseille,,Mattéo Guendouzi,2,1.23,0,4,0,88.57,
167,Borussia Dortmund,,Niklas Süle,0,0.15,2,5,0,89.98,
168,Benfica,,Rafa Silva,5,4.28,21,11,1,83.93,
169,Benfica,,Gonçalo Ramos,3,3.86,5,11,1,69.34,
170,Benfica,,António Silva,2,0.67,2,11,0,91.94,
171,Inter,,Lautaro Martínez,3,2.91,10,16,3,71.11,
172,Liverpool,,Roberto Firmino,2,0.74,7,8,1,81,
173,Tottenham Hotspur,,Richarlison,2,1.16,3,3,0,71.3,
174,Sevilla,,Tanguy Nianzou,1,0.14,2,2,0,90.53,
175,Chelsea,,Trevoh Chalobah,0,0.62,1,8,0,90.51,
176,Paris Saint-Germain,,Sergio Ramos,0,0.3,3,9,0,93.67,
177,FC København,,William Clem,0,0.17,0,5,0,89.19,
178,GNK Dinamo Zagreb,,Josip Mišić,0,0.13,2,11,0,90.71,
179,Sporting,,Luís Neto,0,0.09,0,1,0,94.44,
180,FC København,,Zeca,0,0.05,3,4,0,92.86,
181,Manchester City,,Stefan Ortega,0,0,0,0,0,95.65,
182,Atlético Madrid,,Jan Oblak,0,0,0,0,0,63.33,
183,RB Leipzig,,Janis Blaswich,0,0,0,0,0,82.28,
184,Milan,,Olivier Giroud,5,5.72,0,7,2,64.98,
185,FC Bayern München,,Serge Gnabry,2,1.25,4,8,3,83.23,
186,Club Brugge KV,,Ferran Jutglà,2,1.78,8,2,2,72.31,
187,Tottenham Hotspur,,Harry Kane,1,3.6,8,1,2,66.24,
188,Inter,,Nicolò Barella,3,1.37,8,23,0,81.94,
189,Olympique de Marseille,,Leonardo Balerdi,1,0.24,0,11,0,88.22,
190,FC København,,Viktor Claesson,0,0.47,4,9,1,79.89,
191,Red Bull Salzburg,,Maurits Kjaergaard,0,0.63,3,21,0,68.46,
192,GNK Dinamo Zagreb,,Dominik Livaković,0,0,0,0,0,64.6,
193,Club Brugge KV,,Noa Lang,0,0.85,19,7,0,77.5,
194,Red Bull Salzburg,,Oumar Solet,0,0.07,2,5,0,86.36,
195,Real Madrid,,Nacho Fernández,0,0.02,1,9,0,90.43,
196,FC Bayern München,,Dayot Upamecano,0,0,4,14,0,91.01,
197,RB Leipzig,,Joško Gvardiol,2,0.76,3,9,0,89.01,
198,Napoli,,Matteo Politano,1,1.27,4,9,1,75.48,
199,Sporting,,Nuno Santos,1,0.32,3,7,0,85.96,
200,Napoli,,Mário Rui,0,0.37,3,6,1,82.24,
201,FC Bayern München,,Marcel Sabitzer,0,0.58,1,10,0,86.49,
202,Milan,,Davide Calabria,0,0.18,2,17,0,81.92,
203,RB Leipzig,,Dani Olmo,0,0.11,1,4,0,55.17,
204,Bayer 04 Leverkusen,,Charles Aránguiz,0,0.06,0,4,0,94.74,
205,Liverpool,,Ibrahima Konaté,0,0.03,1,6,0,76.64,
206,Inter,,Romelu Lukaku,3,2.7,5,3,1,75,
207,Benfica,,Petar Musa,2,0.5,2,0,0,66.67,
208,Sporting,,Paulinho,1,0.25,1,3,2,75.31,
209,Manchester City,,Kyle Walker,0,0.03,4,9,0,83.33,
210,Inter,,Francesco Acerbi,0,0.45,1,10,0,87.79,
211,Real Madrid,,Éder Militão,1,0.48,3,10,0,86.96,
212,Real Madrid,,Daniel Carvajal,0,0.17,0,18,1,88.11,
213,Chelsea,,Pierre-Emerick Aubameyang,2,2.29,0,0,2,80.41,
214,Sevilla,,Isco,1,0.66,7,6,1,86.53,
215,Eintracht Frankfurt,,Faride Alidou,1,0.27,2,4,0,87.1,
216,Chelsea,,Mateo Kovačić,1,0.26,8,11,0,87.85,
217,Chelsea,,Denis Zakaria,1,0.13,0,1,0,95.45,
218,Liverpool,,Diogo Jota,0,0.84,2,3,4,79.35,
219,Shakhtar Donetsk,,Georgiy Sudakov,0,0.07,6,9,2,88.46,
220,Sevilla,,Ivan Rakitić,0,0.23,1,9,1,85.77,
221,Bayer 04 Leverkusen,,Mitchel Bakker,0,0.41,5,9,0,82.01,
222,Inter,,Milan Škriniar,0,0.14,0,9,0,92.12,
223,Sevilla,,Kike Salas,0,0.04,1,5,0,81.58,
224,Red Bull Salzburg,,Philipp Köhn,0,0,0,1,0,63.64,
225,Club Brugge KV,,Brandon Mechele,0,0,0,11,0,87.01,
226,Real Madrid,,Marco Asensio,3,0.94,1,1,1,90.96,
227,Napoli,,Hirving Lozano,1,1.31,11,10,1,79.1,
228,Chelsea,,Mason Mount,0,0.8,5,13,1,84.77,
229,Inter,,Henrikh Mkhitaryan,2,1.74,6,26,0,81.72,
230,Liverpool,,Harvey Elliott,2,1.11,5,8,0,80.95,
231,Tottenham Hotspur,,Emerson Royal,0,0.5,2,18,0,78.08,
232,GNK Dinamo Zagreb,,Mislav Oršić,2,1.08,2,5,0,75.82,
233,Shakhtar Donetsk,,Valeriy Bondar,0,0.18,1,7,0,92.15,
234,Milan,,Theo Hernández,0,0.5,7,27,2,84.65,
235,Liverpool,,Darwin Núñez,4,5,3,3,0,69.77,
236,Paris Saint-Germain,,Carlos Soler,1,0.25,2,4,0,89.71,
237,Borussia Dortmund,,Nico Schlotterbeck,0,0.04,5,10,0,86.89,
238,Barcelona,,Pedri,0,0.94,9,7,0,89.01,
239,FC Bayern München,,Noussair Mazraoui,0,0.23,6,13,0,84.27,
240,Napoli,,Stanislav Lobotka,0,0.1,6,21,0,92.21,
241,Olympique de Marseille,,Eric Bailly,0,0,1,6,0,86.93,
242,Borussia Dortmund,,Alexander Meyer,0,0,0,0,0,82.22,
243,Red Bull Salzburg,,Strahinja Pavlović,0,0.28,3,17,0,70.18,
244,Celtic,,Sead Hakšabanović,0,0.15,3,5,0,79.55,
245,Paris Saint-Germain,,Danilo Pereira,0,0.04,4,10,0,94.14,
246,Club Brugge KV,,Kamal Sowah,2,2.06,7,12,0,78.3,
247,Benfica,,Florentino Luís,0,0.36,3,26,0,88.93,
248,Milan,,Pierre Kalulu,0,0.04,2,15,0,88.16,
249,Red Bull Salzburg,,Maximilian Wöber,0,0.05,0,9,1,45.95,
250,AFC Ajax,,Owen Wijndal,0,0,0,1,1,88.89,
251,Atlético Madrid,,José María Giménez,0,0.51,0,6,0,88.11,
252,RB Leipzig,,Amadou Haidara,0,0.35,2,12,0,91.05,
253,Chelsea,,Marc Cucurella,0,0.33,1,12,0,86.64,
254,FC København,,Denis Vavro,0,0.19,1,3,0,84.08,
255,Borussia Dortmund,,Emre Can,0,0.15,5,16,0,85.03,
256,Bayer 04 Leverkusen,,Jonathan Tah,0,0.07,0,8,0,91.09,
257,Barcelona,,Gavi,0,0.06,3,7,0,86.34,
258,GNK Dinamo Zagreb,,Kévin Théophile-Catherine,0,0.03,0,2,0,77.5,
259,Real Madrid,,Jesús Vallejo,0,0,0,2,0,94.12,
260,Shakhtar Donetsk,,Mykola Matviyenko,0,0,1,10,0,88.71,
261,Real Madrid,,Antonio Rüdiger,1,0.27,0,10,0,91.52,
262,Club Brugge KV,,Bjorn Meijer,1,0.36,2,9,1,71.95,
263,FC Porto,,Mateus Uribe,1,1.36,5,10,0,82.8,
264,AFC Ajax,,Edson Álvarez,1,0.86,1,15,0,85.71,
265,Bayer 04 Leverkusen,,Callum Hudson-Odoi,1,0.83,9,2,0,84.85,
266,GNK Dinamo Zagreb,,Josip Šutalo,0,0.13,3,12,0,86.78,
267,Juventus,,Manuel Locatelli,0,0.47,1,9,0,89.89,
268,Manchester City,,Sergio Gómez,0,0.24,5,4,0,91.73,
269,Bayer 04 Leverkusen,,Odilon Kossounou,0,0.09,3,10,0,82.65,
270,FC Bayern München,,Thomas Müller,1,1.33,0,4,0,81.25,
271,Eintracht Frankfurt,,Djibril Sow,0,0.07,0,14,0,84.51,
272,Barcelona,,Frenkie de Jong,0,0,4,4,0,88.76,
273,Paris Saint-Germain,,Gianluigi Donnarumma,0,0,0,0,0,79.7,
274,Milan,,Ismaël Bennacer,1,0.49,13,26,0,85.67,
275,Real Madrid,,Aurélien Tchouaméni,0,0.4,3,10,0,93.07,
276,Benfica,,David Neres,3,1.89,11,11,1,78.97,
277,Barcelona,,Franck Kessié,1,0.27,1,6,0,88.76,
278,Sevilla,,Gonzalo Montiel,1,0.15,1,5,0,82.79,
279,Inter,,Marcelo Brozović,0,0.17,5,18,0,90.84,
280,FC Porto,,Zaidu Sanusi,1,0.28,2,13,0,76.6,
281,Sporting,,Francisco Trincão,2,0.53,5,5,0,79.82,
282,Inter,,Denzel Dumfries,1,1.72,8,9,0,72.14,
283,FC København,,Hakon Arnar Haraldsson,1,0.98,4,5,0,82.29,
284,Benfica,,Fredrik Aursnes,1,0.51,4,13,0,82.34,
285,Liverpool,,Virgil van Dijk,0,1.03,1,4,0,86.9,
286,Tottenham Hotspur,,Matt Doherty,0,0.14,0,1,0,84.85,
287,Atlético Madrid,,Thomas Lemar,0,0.05,1,1,0,85.96,
288,FC Porto,,Pepe,0,0.04,0,7,0,82.09,
289,Juventus,,Nicolò Fagioli,0,0,1,2,0,95.65,
290,Napoli,,Alessandro Zanoli,0,0,1,2,0,100,
291,Eintracht Frankfurt,,Makoto Hasebe,0,0,0,2,0,81.7,
292,Inter,,Robin Gosens,1,0.34,1,20,0,82.81,
293,RB Leipzig,,Xaver Schlager,0,0.06,5,11,0,88.76,
294,Juventus,,Arkadiusz Milik,2,0.43,1,2,0,77.11,
295,Chelsea,,Wesley Fofana,1,0.32,2,15,0,89.47,
296,AFC Ajax,,Steven Bergwijn,2,1.78,5,3,0,90.45,
297,AFC Ajax,,Francisco Conceição,1,0.55,0,0,0,91.67,
298,Borussia Dortmund,,Giovanni Reyna,0,0.17,5,3,2,80.92,
299,AFC Ajax,,Calvin Bassey,0,0,5,14,2,88.99,
300,Atlético Madrid,,Reinildo Mandava,0,0.29,3,11,0,89.71,
301,FC København,,Victor Kristiansen,0,0.16,1,15,0,78.54,
302,Tottenham Hotspur,,Bryan Gil,0,0.02,1,0,0,76.47,
303,Club Brugge KV,,Dedryck Boyata,0,0,0,1,0,83.54,
304,Sporting,,Manuel Ugarte,0,0,10,29,0,85.04,
305,Bayer 04 Leverkusen,,Lukáš Hrádecký,0,0,0,0,0,77.01,
306,Tottenham Hotspur,,Eric Dier,0,1.1,0,7,0,90.43,
307,Tottenham Hotspur,,Cristian Romero,0,0.28,0,14,0,89.67,
308,Club Brugge KV,,Antonio Nusa,1,0.26,4,0,0,83.33,
309,Juventus,,Alex Sandro,0,0.03,2,3,0,91.01,
310,AFC Ajax,,Dušan Tadić,0,0.45,5,6,1,79.27,
311,Bayer 04 Leverkusen,,Kerem Demirbay,0,1.14,1,7,0,83.16,
312,Atlético Madrid,,Saúl Ñíguez,0,0.56,1,10,0,81.67,
313,Chelsea,,César Azpilicueta,0,0,1,7,0,89.1,
314,Paris Saint-Germain,,Nuno Mendes,1,0.16,11,11,0,76.44,
315,Olympique de Marseille,,Jonathan Clauss,0,0.29,7,6,1,75,
316,Tottenham Hotspur,,Pedro Porro,0,0.2,7,15,1,70.1,
317,Atlético Madrid,,Nahuel Molina,0,0.15,2,7,0,81,
318,Maccabi Haifa,,Neta Lavi,0,0.05,3,23,0,84.5,
319,Chelsea,,Ruben Loftus-Cheek,0,0.09,3,7,1,89.25,
320,FC Porto,,Evanilson,1,0.85,2,4,1,81.82,
321,RB Leipzig,,Willi Orbán,0,0.45,3,9,0,89.62,
322,Sevilla,,Youssef En-Nesyri,2,1.65,0,3,0,73.08,
323,Red Bull Salzburg,,Junior Adamu,1,1.31,1,9,1,51.16,
324,Real Madrid,,Eden Hazard,1,0.88,2,0,0,87.5,
325,Borussia Dortmund,,Thorgan Hazard,1,0.25,1,3,0,78.05,
326,Bayer 04 Leverkusen,,Jeremie Frimpong,0,0.44,4,8,2,76,
327,Barcelona,,Jules Koundé,0,0,2,7,1,90.82,
328,FC København,,Valdemar Lund,0,0.32,0,5,0,87.27,
329,FC København,,Paul Mukairu,0,0.27,4,2,0,66.67,
330,Manchester City,,Cole Palmer,0,0.26,4,1,0,89.83,
331,Real Madrid,,David Alaba,0,0.26,3,8,0,88.84,
332,Barcelona,,Sergio Busquets,0,0.23,1,8,0,83.13,
333,Tottenham Hotspur,,Ryan Sessegnon,0,0.2,1,9,0,77.14,
334,Red Bull Salzburg,,Amar Dedić,0,0.15,4,19,0,64.62,
335,Atlético Madrid,,Koke,0,0.12,0,2,0,89.76,
336,Sporting,,Sebastián Coates,0,0.1,1,8,0,88.12,
337,Juventus,,Federico Chiesa,0,0.09,0,0,0,88.89,
338,Tottenham Hotspur,,Japhet Tanganga,0,0.06,0,1,0,88.24,
339,Real Madrid,,Ferland Mendy,0,0.03,2,3,0,95.41,
340,Bayer 04 Leverkusen,,Piero Hincapié,0,0.03,2,19,0,83.04,
341,Liverpool,,Alex Oxlade-Chamberlain,0,0,2,1,0,80,
342,Sporting,,Dário Essugo,0,0,1,2,0,77.78,
343,Celtic,,Carl Starfelt,0,0,0,0,0,96.3,
344,FC Porto,,André Franco,0,0,0,1,0,92.31,
345,Viktoria Plzeň,,Marián Tvrdoň,0,0,0,0,0,55.81,
346,Sevilla,,Adnan Januzaj,0,0,2,2,0,83.33,
347,Tottenham Hotspur,,Oliver Skipp,0,0,1,8,0,88.33,
348,Chelsea,,João Félix,0,1.94,15,4,0,81.98,
349,RB Leipzig,,Timo Werner,2,2.41,4,2,1,78.48,
350,Milan,,Alexis Saelemaekers,2,0.5,13,7,0,75.21,
351,Napoli,,Mathías Olivera,0,0.58,1,16,2,83.13,
352,Borussia Dortmund,,Salih Özcan,0,0.06,2,8,1,85.86,
353,Real Madrid,,Dani Ceballos,0,0.26,5,4,0,91.86,
354,FC Bayern München,,Josip Stanišić,0,0,3,10,0,91.01,
355,Red Bull Salzburg,,Noah Okafor,3,1.73,7,4,0,72.06,
356,GNK Dinamo Zagreb,,Bruno Petković,1,0.48,3,8,2,66.84,
357,Olympique de Marseille,,Cengiz Ünder,0,0.52,2,3,0,86.75,
358,Viktoria Plzeň,,Lukáš Kalvach,0,0.31,2,13,0,75.35,
359,Inter,,Matteo Darmian,0,0.07,1,20,0,82.26,
360,Shakhtar Donetsk,,Lassina Traoré,1,0.46,1,0,0,72.92,
361,Sevilla,,Papu Gómez,0,0.34,3,2,1,85.22,
362,FC København,,Ísak Bergmann Jóhannesson,0,0.23,1,4,0,75.36,
363,RB Leipzig,,Dominik Szoboszlai,1,2.18,5,8,2,85.57,
364,Shakhtar Donetsk,,Bogdan Mykhaylichenko,0,0.14,0,7,2,82.32,
365,Paris Saint-Germain,,Vitinha,0,0.55,8,8,0,91.69,
366,Club Brugge KV,,Hans Vanaken,0,0.3,1,5,0,83.89,
367,Paris Saint-Germain,,Marquinhos,0,0.11,1,5,0,92.63,
368,Manchester City,,Aymeric Laporte,0,0,0,0,0,93.26,
369,Eintracht Frankfurt,,Jesper Lindstrøm,1,0.89,9,4,0,70,
370,Viktoria Plzeň,,Tomáš Chorý,2,2.04,0,3,0,58.33,
371,Sevilla,,Rafa Mir,1,0.48,0,0,0,61.76,
372,FC Bayern München,,Jamal Musiala,0,1.51,24,4,2,88.43,
373,Juventus,,Filip Kostić,0,0.4,2,8,1,77.95,
374,FC Bayern München,,Ryan Gravenberch,0,0.53,1,6,0,84.06,
375,Sporting,,Gonçalo Inácio,0,0.18,6,4,0,87.5,
376,Paris Saint-Germain,,Pablo Sarabia,0,0.12,1,1,0,76.19,
377,Celtic,,Callum McGregor,0,0.06,1,3,0,89.68,
378,Atlético Madrid,,Stefan Savić,0,0,0,3,0,89.05,
379,Club Brugge KV,,Casper Nielsen,0,0.56,0,19,1,72.12,
380,Shakhtar Donetsk,,Oleksandr Zubkov,2,1.01,2,7,0,77.45,
381,Bayer 04 Leverkusen,,Adam Hložek,0,0.46,1,2,1,74.42,
382,Inter,,Kristjan Asllani,0,0.74,1,4,0,89.06,
383,Club Brugge KV,,Denis Odoi,0,0.09,2,11,0,79.51,
384,RB Leipzig,,Emil Forsberg,1,0.88,3,8,0,89.12,
385,RB Leipzig,,Marcel Halstenberg,0,0.02,1,1,1,86.81,
386,GNK Dinamo Zagreb,,Arijan Ademi,0,0.36,1,16,0,82.99,
387,Maccabi Haifa,,Mohammad Abu Fani,0,0.35,7,9,0,87.5,
388,Celtic,,Reo Hatate,0,0.29,3,5,0,77.5,
389,FC Porto,,Pepê,0,0.27,12,14,0,77.04,
390,Olympique de Marseille,,Dimitri Payet,0,0.15,1,1,0,86.54,
391,FC København,,Andreas Cornelius,0,0.13,0,1,0,60,
392,Celtic,,Cameron Carter-Vickers,0,0.11,0,3,0,95.32,
393,Barcelona,,Gerard Piqué,0,0.01,0,3,0,92.56,
394,Olympique de Marseille,,Pape Gueye,0,0,0,1,0,92.16,
395,Inter,,Stefan de Vrij,0,0,0,10,0,84.21,
396,Juventus,,Weston McKennie,2,0.61,2,6,0,78.17,
397,Red Bull Salzburg,,Luka Sučić,0,1.11,6,5,0,77.32,
398,Atlético Madrid,,Matheus Cunha,0,0.61,4,2,0,82.76,
399,GNK Dinamo Zagreb,,Stefan Ristovski,0,0.08,0,6,0,86.96,
400,Rangers,,Allan McGregor,0,0,0,0,0,58.05,
401,Liverpool,,Fabinho,0,0,2,13,0,88.62,
402,Maccabi Haifa,,Abdoulaye Seck,2,0.38,3,7,0,85.16,
403,Atlético Madrid,,Yannick Carrasco,1,1.74,8,7,1,84.67,
404,Juventus,,Leonardo Bonucci,1,0.77,2,2,0,87.54,
405,Celtic,,Josip Juranović,0,0.82,4,12,0,85.09,
406,FC København,,Rasmus Falk Jensen,0,0.09,2,2,0,88.12,
407,Barcelona,,Eric García,0,0,0,4,1,96.28,
408,Red Bull Salzburg,,Bernardo,0,0.22,0,10,0,68.06,
409,Liverpool,,Andrew Robertson,0,0.11,3,2,2,85.65,
410,Maccabi Haifa,,Pierre Cornud,0,0.05,4,11,1,85,
411,Paris Saint-Germain,,Juan Bernat,0,0,0,11,0,91.89,
412,Sevilla,,Joan Jordán,0,0,1,4,0,92.35,
413,FC Porto,,Wendell,0,0.08,2,3,0,87.36,
414,Chelsea,,Conor Gallagher,0,1.46,3,9,0,88.31,
415,Chelsea,,Raheem Sterling,3,1.22,4,8,1,82.19,
416,Borussia Dortmund,,Karim Adeyemi,2,1.79,10,1,0,79.79,
417,Milan,,Tommaso Pobega,1,0.63,1,5,0,66.23,
418,Bayer 04 Leverkusen,,Nadiem Amiri,0,0.15,1,3,1,83.61,
419,Juventus,,Bremer,0,0.39,1,6,0,85.31,
420,Celtic,,Moritz Jenz,0,0.27,0,8,0,93.42,
421,Red Bull Salzburg,,Nicolás Capaldo,0,0.23,0,8,0,59.42,
422,GNK Dinamo Zagreb,,Dario Špikić,0,0.18,6,2,0,81.63,
423,Club Brugge KV,,Eduard Sobol,0,0.12,0,3,0,77.5,
424,Sporting,,Abdul Fatawu Issahaku,0,0.11,1,4,0,80,
425,Barcelona,,Héctor Bellerín,0,0.07,0,4,0,80,
426,Benfica,,Diogo Gonçalves,0,0.04,3,1,0,87.5,
427,Eintracht Frankfurt,,Timothy Chandler,0,0.03,0,0,0,75,
428,Viktoria Plzeň,,Aleš Čermák,0,0.02,0,2,0,85.19,
429,RB Leipzig,,Abdou Diallo,0,0.02,5,4,0,91.98,
430,Red Bull Salzburg,,Lucas Gourna-Douath,0,0.02,1,12,0,77.63,
431,Barcelona,,Marc Casadó,0,0,0,0,0,89.66,
432,Sporting,,Mateus Fernandes,0,0,0,1,0,44.44,
433,Barcelona,,Álvaro Sanz Catalán,0,0,0,0,0,83.33,
434,GNK Dinamo Zagreb,,Rasmus Lauritsen,0,0,0,0,0,0,
435,Celtic,,James McCarthy,0,0,0,0,0,80,
436,Sporting,,Rochinha,0,0,0,0,0,60,
437,Bayer 04 Leverkusen,,Exequiel Palacios,0,0,0,3,0,81.08,
438,Manchester City,,Josh Wilson-Esbrand,0,0,0,1,0,83.33,
439,Benfica,,Morato,0,0,0,0,0,92.52,
440,Juventus,,Mattia De Sciglio,0,0,1,1,0,78.72,
441,AFC Ajax,,Brian Brobbey,0,0,0,0,0,75,
442,Olympique de Marseille,,Pau López,0,0,1,0,0,73.72,
443,Shakhtar Donetsk,,Taras Stepanenko,0,0,0,18,0,86.5,
444,RB Leipzig,,David Raum,0,0,4,13,0,88.89,
445,Milan,,Rade Krunić,1,0.9,4,17,0,83.33,
446,Real Madrid,,Eduardo Camavinga,0,0.26,7,26,1,87.73,
447,Inter,,Joaquín Correa,1,0.66,8,2,2,81.52,
448,Paris Saint-Germain,,Fabián Ruiz,0,0.29,5,5,0,89.45,
449,Club Brugge KV,,Abakar Sylla,1,0.05,4,6,0,88.27,
450,Maccabi Haifa,,Frantzdy Pierrot,0,0.67,1,3,2,73.33,
451,Eintracht Frankfurt,,Sebastian Rode,0,0.18,0,11,1,80.93,
452,Real Madrid,,Lucas Vázquez,0,0,2,4,1,93.98,
453,Juventus,,Danilo,0,0.28,5,7,0,87.04,
454,Olympique de Marseille,,Samuel Gigot,0,0.27,0,0,0,92.77,
455,Chelsea,,Mykhaylo Mudryk,3,1.2,13,7,2,79.08,
456,Juventus,,Moise Kean,1,1.44,2,1,0,75,
457,Eintracht Frankfurt,,Evan Ndicka,0,0.11,0,13,1,84.07,
458,Rangers,,Fashion Sakala,0,0.54,2,4,0,76.19,
459,Red Bull Salzburg,,Dijon Kameri,0,0.18,1,4,0,76.92,
460,Sporting,,Jeremiah St. Juste,0,0.03,0,8,0,88.03,
461,Eintracht Frankfurt,,Mario Götze,0,0.47,4,7,2,78.3,
462,Liverpool,,James Milner,0,0.04,3,11,0,85.42,
463,Benfica,,Odysseas Vlachodimos,0,0,0,0,0,69.68,
464,Celtic,,Giorgos Giakoumakis,1,1.74,1,4,0,61.76,
465,AFC Ajax,,Kenneth Taylor,0,0.54,4,6,1,88.94,
466,Sevilla,,Alex Telles,0,0.18,3,8,1,78.53,
467,FC København,,Lukas Lerager,0,0.69,2,8,0,79.11,
468,GNK Dinamo Zagreb,,Petar Bočkaj,0,0.35,0,1,0,71.43,
469,GNK Dinamo Zagreb,,Sadegh Moharrami,0,0.05,3,9,0,84.08,
470,Liverpool,,Alisson,0,0,1,0,0,87.29,
471,Juventus,,Dušan Vlahović,1,2.64,0,1,1,73.56,
472,Club Brugge KV,,Raphael Onyedika,0,0.63,3,9,0,84.98,
473,Tottenham Hotspur,,Ben Davies,0,0.04,2,7,0,83.56,
474,Benfica,,João Neves,0,0,0,1,1,90.24,
475,Chelsea,,N'Golo Kanté,0,0.64,1,3,0,85.14,
476,FC Porto,,Danny Namaso,0,0.25,3,2,0,86.36,
477,Borussia Dortmund,,Sébastien Haller,0,0.23,1,0,0,68,
478,Sevilla,,Thomas Delaney,0,0.2,0,2,0,77.14,
479,Inter,,Roberto Gagliardini,0,0.07,1,6,0,85.71,
480,Benfica,,Gonçalo Guedes,0,0.04,2,0,0,72.22,
481,Real Madrid,,Andriy Lunin,0,0,0,0,0,94.12,
482,Paris Saint-Germain,,Renato Sanches,0,0,1,3,0,96.23,
483,Manchester City,,Kalvin Phillips,0,0,0,0,0,95.65,
484,Borussia Dortmund,,Youssoufa Moukoko,0,2.06,2,2,1,82.93,
485,Maccabi Haifa,,Nikita Rukavytsya,0,0.12,2,0,0,78.57,
486,RB Leipzig,,Kevin Kampl,0,0,1,8,0,94.54,
487,Maccabi Haifa,,Dolev Haziza,0,0.03,3,7,1,76.92,
488,Olympique de Marseille,,Luis Javier Suárez,0,0.49,0,1,0,67.74,
489,Sevilla,,Suso,0,0.26,1,3,0,85.71,
490,Celtic,,Greg Taylor,0,0.25,2,14,0,85.21,
491,Napoli,,Alessio Zerbin,0,0.2,0,2,0,75.76,
492,Sporting,,Matheus Reis,0,0.13,0,10,0,87.97,
493,Liverpool,,Stefan Bajčetić,0,0.04,1,6,0,78.95,
494,FC Porto,,Bruno Costa,0,0.02,0,2,0,89.47,
495,GNK Dinamo Zagreb,,Marko Bulat,0,0.02,0,2,0,82.61,
496,Shakhtar Donetsk,,Artem Bondarenko,0,0,1,14,0,87.96,
497,Milan,,Divock Origi,0,0.66,2,0,0,73.33,
498,Chelsea,,Hakim Ziyech,0,0.62,4,0,0,83.82,
499,Paris Saint-Germain,,Nordi Mukiele,0,0,0,1,0,78.26,
500,Napoli,,Eljif Elmas,0,0.22,2,8,0,90.17,
501,FC Bayern München,,Mathys Tel,0,0.63,0,1,0,80,
502,Viktoria Plzeň,,Adam Vlkanova,1,0.43,5,5,1,78.15,
503,Maccabi Haifa,,Dean David,1,1.93,7,3,0,56.82,
504,Eintracht Frankfurt,,Ansgar Knauff,0,0.51,8,9,1,62.75,
505,FC København,,Kevin Diks,0,0.52,0,13,0,74.29,
506,Bayer 04 Leverkusen,,Patrik Schick,0,2.51,4,2,0,78.72,
507,Red Bull Salzburg,,Benjamin Šeško,0,1.17,3,3,0,60.92,
508,AFC Ajax,,Devyne Rensch,0,0.53,0,14,0,83.33,
509,Sevilla,,José Ángel Carmona,0,0.46,5,6,0,87.96,
510,Juventus,,Matías Soulé,0,0.43,3,0,0,94.12,
511,Liverpool,,Fabio Carvalho,0,0.19,2,2,0,85.19,
512,FC København,,Davit Khocholava,0,0.09,0,2,0,86.04,
513,Sevilla,,Nemanja Gudelj,0,0.07,0,3,0,90.18,
514,Shakhtar Donetsk,,Oleg Ocheretko,0,0.06,1,2,0,66.67,
515,Milan,,Fikayo Tomori,0,0.06,0,22,0,86.3,
516,Barcelona,,Ronald Araújo,0,0.05,0,1,0,85.19,
517,GNK Dinamo Zagreb,,Mahir Emreli,0,0.02,0,0,0,85.71,
518,Liverpool,,Calvin Ramsay,0,0,0,0,0,100,
519,Sporting,,Jovane Cabral,0,0,0,0,0,83.33,
520,Borussia Dortmund,,Soumaila Coulibaly,0,0,0,0,0,93.33,
521,Club Brugge KV,,Mats Rits,0,0,0,1,0,100,
522,Celtic,,Stephen Welsh,0,0,0,0,0,94.83,
523,Club Brugge KV,,Lynnt Audoor,0,0,0,1,0,50,
524,Bayer 04 Leverkusen,,Sardar Azmoun,0,0,1,0,0,66.67,
525,FC København,,Nicolai Boilesen,0,0,0,0,0,96.43,
526,Paris Saint-Germain,,Warren Zaïre-Emery,0,0,2,2,0,82.86,
527,Tottenham Hotspur,,Yves Bissouma,0,0,0,2,0,90.28,
528,Paris Saint-Germain,,Presnel Kimpembe,0,0,0,2,0,94.9,
529,Eintracht Frankfurt,,Hrvoje Smolčić,0,0,0,1,0,74.51,
530,Milan,,Junior Messias,1,0.42,3,8,0,77.01,
531,Eintracht Frankfurt,,Randal Kolo Muani,2,1.39,6,4,0,68.18,
532,Milan,,Brahim Díaz,1,1.56,17,7,1,85.71,
533,Viktoria Plzeň,,Jhon Mosquera,0,0.36,4,12,1,62.62,
534,FC Porto,,Toni Martínez,0,0.39,1,7,0,55.26,
535,Rangers,,Steven Davis,0,0.07,0,5,0,80.53,
536,GNK Dinamo Zagreb,,Martin Baturina,0,0,0,3,0,82.86,
537,Benfica,,Gilberto,0,0,3,5,0,83.33,
538,Liverpool,,Joe Gomez,0,0.12,0,4,1,81.37,
539,Sevilla,,Marcos Acuña,0,0.09,1,9,1,71.43,
540,Borussia Dortmund,,Marius Wolf,0,0.35,2,3,0,76.71,
541,Sevilla,,Kasper Dolberg,0,0.15,3,0,0,78.95,
542,Rangers,,Connor Goldson,0,0.01,0,6,0,76.16,
543,Viktoria Plzeň,,Erik Jirka,0,0.27,0,2,0,69.12,
544,FC København,,Mohamed Daramy,0,0.1,12,2,0,80,
545,Sporting,,Sotiris Alexandropoulos,0,0.08,0,1,0,78.57,
546,Napoli,,Juan Jesus,0,0,0,3,0,91.33,
547,Sevilla,,Erik Lamela,0,0.48,2,4,0,82.76,
548,Borussia Dortmund,,Anthony Modeste,0,0.58,0,2,0,63.41,
549,Paris Saint-Germain,,Achraf Hakimi,0,0.51,5,9,2,90,
550,Rangers,,Ryan Jack,0,0,1,4,1,82.43,
551,Tottenham Hotspur,,Dejan Kulusevski,0,0.22,2,5,0,82.5,
552,Liverpool,,Curtis Jones,0,0.16,0,2,0,83.72,
553,Viktoria Plzeň,,Modou N'Diaye,0,0.11,3,4,0,75.41,
554,FC København,,Mathew Ryan,0,0,0,0,0,52.54,
555,RB Leipzig,,Lukas Klostermann,0,0,0,3,0,88.89,
556,Sporting,,José Marsà,0,0,0,1,0,88.89,
557,Celtic,,Oliver Abildgaard,0,0,0,4,0,72.73,
558,Napoli,,Gianluca Gaetano,0,0,1,0,0,88.89,
559,Club Brugge KV,,Éder Balanta,0,0,1,0,0,76.47,
560,Chelsea,,Christian Pulišić,0,0.19,1,2,1,83.93,
561,Atlético Madrid,,Álvaro Morata,0,0.99,0,0,0,64.91,
562,Maccabi Haifa,,Dylan Batubinsika,0,0.33,0,8,0,87.88,
563,Barcelona,,Marc-André ter Stegen,0,0,0,0,0,90.71,
564,Atlético Madrid,,Mario Hermoso,1,0.68,0,1,0,93.86,
565,Barcelona,,Pablo Torre,1,0.39,0,2,0,89.74,
566,Celtic,,Kyogo Furuhashi,0,1.71,1,2,1,72.55,
567,Atlético Madrid,,Ángel Correa,0,0.81,4,2,1,84.91,
568,Viktoria Plzeň,,Václav Jemelka,0,0,1,12,1,78.57,
569,AFC Ajax,,Youri Baas,0,0.07,0,2,0,88,
570,Atlético Madrid,,Marcos Llorente,0,0,1,2,0,87.62,
571,Olympique de Marseille,,Gerson,0,0,0,1,0,86.44,
572,Tottenham Hotspur,,Lucas Moura,0,0,2,3,0,62.96,
573,Celtic,,James Forrest,0,0,1,1,0,82.22,
574,Bayer 04 Leverkusen,,Amine Adli,0,0.67,1,3,0,71.19,
575,Eintracht Frankfurt,,Rafael Borré,0,0.46,1,2,0,80.3,
576,Eintracht Frankfurt,,Christopher Lenz,0,0.28,0,6,0,76.19,
577,Milan,,Fodé Ballo-Touré,0,0,1,2,0,86.44,
578,Sporting,,Hidemasa Morita,0,0.05,0,5,1,77.7,
579,FC Porto,,David Carmo,0,0.16,0,5,0,78.67,
580,RB Leipzig,,Yussuf Poulsen,0,0,0,1,0,46.15,
581,Sporting,,Antonio Adán,0,0,0,0,0,66.32,
582,Celtic,,Daizen Maeda,0,1.44,2,7,0,76.92,
583,Rangers,,Scott Arfield,1,0.61,0,4,0,70.24,
584,GNK Dinamo Zagreb,,Robert Ljubičić,1,0.29,7,13,0,75.33,
585,GNK Dinamo Zagreb,,Luka Ivanušec,0,0.92,8,7,0,82.21,
586,Red Bull Salzburg,,Andreas Ulmer,0,0.18,0,7,0,64.18,
587,Viktoria Plzeň,,Fortune Akpan Bassey,0,0.16,0,0,0,81.48,
588,Celtic,,Aaron Mooy,0,0.08,0,0,0,87.1,
589,Shakhtar Donetsk,,Ivan Petriak,0,0.08,0,2,0,76.92,
590,Eintracht Frankfurt,,Kristijan Jakić,0,0.07,2,20,0,79.94,
591,Benfica,,Julian Draxler,0,0.07,1,1,0,86.67,
592,FC Bayern München,,Paul Wanner,0,0.06,1,0,0,88.24,
593,AFC Ajax,,Lucas Ocampos,0,0.05,0,0,0,91.67,
594,Red Bull Salzburg,,Sekou Koita,0,0.04,0,0,0,85.71,
595,Chelsea,,Edouard Mendy,0,0,0,0,0,90.91,
596,Real Madrid,,Mariano Díaz,0,0,0,0,0,50,
597,Tottenham Hotspur,,Arnaut Danjuma,0,0,0,0,0,100,
598,Borussia Dortmund,,Julian Ryerson,0,0,0,0,0,50,
599,Paris Saint-Germain,,El Chadaille Bitshiabu,0,0,0,1,0,96.3,
600,Maccabi Haifa,,Suf Podgoreanu,0,0,1,0,0,0,
601,Rangers,,Jon McLaughlin,0,0,0,0,0,61.54,
602,Red Bull Salzburg,,Roko Šimić,0,0,0,0,0,60,
603,Shakhtar Donetsk,,Serhiy Kryvtsov,0,0,0,0,0,0,
604,Eintracht Frankfurt,,Philipp Max,0,0,0,1,0,80.56,
605,Borussia Dortmund,,Antonios Papadopoulos,0,0,0,0,0,33.33,
606,FC Porto,,Bernardo Folha,0,0,0,1,0,80,
607,Bayer 04 Leverkusen,,Timothy Fosu-Mensah,0,0,0,1,0,80,
608,Borussia Dortmund,,Tom Rothe,0,0,0,0,0,69.05,
609,Shakhtar Donetsk,,Neven Đurasek,0,0,0,1,0,91.67,
610,Rangers,,James Tavernier,1,1.09,3,11,0,67.8,
611,AFC Ajax,,Jurriën Timber,0,0.38,3,4,0,94,
612,Celtic,,Liel Abada,0,0.34,1,1,0,77.08,
613,Shakhtar Donetsk,,Yukhym Konoplia,0,0.04,1,10,0,84,
614,FC København,,Christian Sørensen,0,0.03,0,1,0,80,
615,AFC Ajax,,Jorge Sánchez,0,0.16,3,10,0,83.04,
616,Olympique de Marseille,,Issa Kaboré,0,0.03,0,4,0,95,
617,Sevilla,,Jesús Navas,0,0,1,2,0,80.49,
618,Inter,,Raoul Bellanova,0,0,1,2,0,76.47,
619,Rangers,,Borna Barišić,0,0,0,9,0,89.05,
620,AFC Ajax,,Remko Pasveer,0,0,0,0,0,62.7,
621,Inter,,Danilo D'Ambrosio,0,0.19,1,3,0,85.71,
622,Celtic,,David Turnbull,0,0.13,0,1,0,86.67,
623,Borussia Dortmund,,Donyell Malen,0,0.92,4,1,0,76.92,
624,Bayer 04 Leverkusen,,Paulinho,0,0.31,3,2,0,81.25,
625,Milan,,Sergiño Dest,0,0.29,0,4,0,71.62,
626,FC Porto,,Gonçalo Borges,0,0.05,2,1,0,64.29,
627,Tottenham Hotspur,,Davinson Sánchez,0,0,0,0,0,64.71,
628,Maccabi Haifa,,Raz Meir,0,0,0,4,0,86.67,
629,FC København,,Elias Jelert,0,0,2,4,0,83.1,
630,Eintracht Frankfurt,,Tuta,0,0.11,2,19,0,80,
631,AFC Ajax,,Davy Klaassen,1,0.07,0,0,0,90.77,
632,Milan,,Ante Rebić,0,0.79,3,7,0,63.95,
633,FC Porto,,João Mário,0,0.3,3,8,0,76.62,
634,GNK Dinamo Zagreb,,Josip Drmić,0,0.11,0,0,0,71.43,
635,Viktoria Plzeň,,Jindřich Staněk,0,0,0,0,0,61.29,
636,FC Porto,,Gabriel Veron,0,0,0,1,0,71.43,
637,Viktoria Plzeň,,Mohamed Tijani,0,0,0,2,0,77.46,
638,Shakhtar Donetsk,,Danylo Sikan,0,0.19,0,0,1,92.31,
639,Paris Saint-Germain,,Hugo Ekitiké,0,0.18,0,1,0,78.57,
640,Eintracht Frankfurt,,Luca Pellegrini,0,0.09,3,7,0,75.61,
641,Rangers,,Malik Tillman,0,0.15,5,10,0,70.91,
642,Maccabi Haifa,,Ali Mohamed,0,0,2,11,0,85.59,
643,Viktoria Plzeň,,Milan Havel,0,0.05,2,12,0,74.19,
644,Sporting,,Pedro Gonçalves,0,0.33,2,8,1,73.17,
645,Rangers,,Alfredo Morelos,0,1.58,0,1,0,65.57,
646,Olympique de Marseille,,Sead Kolašinac,0,0.35,1,5,0,86.84,
647,Viktoria Plzeň,,Václav Pilař,0,0.28,2,2,0,73.17,
648,FC Bayern München,,Daley Blind,0,0.22,1,17,0,83.96,
649,Chelsea,,Armando Broja,0,0.1,1,2,0,77.42,
650,Shakhtar Donetsk,,Andrii Totovytskyi,0,0.1,0,0,0,80,
651,Liverpool,,Arthur,0,0.07,0,1,0,84.62,
652,Rangers,,Rabbi Matondo,0,0.07,1,1,0,52.94,
653,Rangers,,Rıdvan Yılmaz,0,0.01,1,1,0,75,
654,Barcelona,,Memphis Depay,0,0,1,0,0,87.5,
655,Club Brugge KV,,Cyle Larin,0,0,0,0,0,100,
656,GNK Dinamo Zagreb,,Antonio Marin,0,0,0,0,0,75,
657,Shakhtar Donetsk,,Dmytro Kryskiv,0,0,0,0,0,100,
658,FC København,,Orri Steinn Óskarsson,0,0,0,0,0,50,
659,Eintracht Frankfurt,,Lucas Alario,0,0,0,0,0,33.33,
660,Benfica,,Rodrigo Pinho,0,0,0,0,0,100,
661,Maccabi Haifa,,Josh Cohen,0,0,0,0,0,68.14,
662,Barcelona,,Ansu Fati,0,0.87,2,1,0,89,
663,Viktoria Plzeň,,Lukáš Hejda,0,0.15,0,8,0,89.02,
664,AFC Ajax,,Florian Grillitsch,0,0,0,1,0,86.84,
665,Sevilla,,Bono,0,0,0,0,0,78.01,
666,Sporting,,Flávio Nazinho,0,0.51,0,3,0,66.67,
667,Maccabi Haifa,,Sean Goldberg,0,0.14,1,10,0,85.5,
668,FC København,,Marko Stamenić,0,0.06,3,3,0,76,
669,Eintracht Frankfurt,,Junior Dina Ebimbe,0,0.14,1,8,0,78.41,
670,Viktoria Plzeň,,Pavel Bucha,0,0.1,4,6,0,87.5,
671,Eintracht Frankfurt,,Aurélio Buta,0,0,0,5,0,62.86,
672,Juventus,,Wojciech Szczęsny,0,0,0,0,0,83.91,
673,Viktoria Plzeň,,Libor Holík,0,0.18,0,5,1,63.04,
674,Club Brugge KV,,Roman Yaremchuk,0,0.5,2,1,0,76.32,
675,Rangers,,Antonio Čolak,0,0.23,0,0,0,65.85,
676,RB Leipzig,,Konrad Laimer,0,0.2,0,10,0,81.61,
677,Rangers,,Scott Wright,0,0,1,3,0,71.43,
678,Olympique de Marseille,,Nuno Tavares,0,0.35,15,11,0,83.86,
679,Viktoria Plzeň,,Jan Sýkora,1,0.49,1,0,0,77.78,
680,Barcelona,,Alejandro Balde,0,0.01,5,0,0,91.74,
681,Celtic,,Alexandro Bernabei,0,0,1,0,0,100,
682,Atlético Madrid,,Ivo Grbić,0,0,0,0,0,60,
683,Rangers,,Alex Lowry,0,0,0,0,0,66.67,
684,Borussia Dortmund,,Jamie Gittens,0,0,0,0,0,70,
685,Juventus,,Federico Gatti,0,0,2,2,0,92.42,
686,Maccabi Haifa,,Arad Ofri,0,0,0,2,0,90.91,
687,Milan,,Charles De Ketelaere,0,0.54,1,2,0,73.91,
688,Rangers,,Ryan Kent,0,0.29,12,6,0,85.32,
689,RB Leipzig,,Benjamin Henrichs,0,0.27,1,5,0,80.52,
690,Juventus,,Fabio Miretti,0,0.35,2,3,0,74.44,
691,Shakhtar Donetsk,,Lucas Taylor,0,0,5,7,0,76.4,
692,FC København,,Roony Bardghji,0,0.32,2,0,0,65.22,
693,Club Brugge KV,,Tajon Buchanan,0,0.36,9,9,1,81.74,
694,Maccabi Haifa,,Mavis Tchibota,0,0.12,1,2,0,62.5,
695,Rangers,,Ben Davies,0,0.09,0,3,0,79.61,
696,Celtic,,Joe Hart,0,0,0,0,0,91.55,
697,Maccabi Haifa,,Sun Menahem,0,0,0,3,0,73.08,
698,Viktoria Plzeň,,Luděk Pernica,0,0.3,0,6,0,86.76,
699,Rangers,,James Sands,0,0.05,0,5,0,84.57,
700,Inter,,Valentín Carboni,0,0,0,0,0,50,
701,Club Brugge KV,,Cisse Sandra,0,0,0,0,0,0,
702,FC København,,Mamoudou Karamoko,0,0,0,0,0,66.67,
703,FC København,,Peter Ankersen,0,0,0,0,0,50,
704,Club Brugge KV,,Clinton Mata,0,0,2,1,0,76.36,
705,Sporting,,Franco Israel,0,0,0,0,0,54.24,
706,Rangers,,John Lundstram,0,0.15,2,6,0,81.82,
707,Rangers,,Leon King,0,0.07,1,10,0,79.27,
708,Atlético Madrid,,Pablo Barrios,0,0,1,0,0,100,
709,Club Brugge KV,,Jack Hendry,0,0,0,1,0,78.57,
710,Viktoria Plzeň,,Jan Kopic,0,0.1,0,1,0,82.35,
711,Sevilla,,Karim Rekik,0,0,0,0,0,97.06,
712,Rangers,,Glen Kamara,0,0,1,0,0,97.5,
713,RB Leipzig,,Péter Gulácsi,0,0,0,0,0,75.93,
714,Sporting,,Ricardo Esgaio,0,0,0,8,0,71.43,
715,Viktoria Plzeň,,Adam Kronus,0,0.12,0,0,0,50,0
716,Benfica,,Andreas Schjelderup,0,0,0,0,0,100,0
717,Juventus,,Enzo Barrenechea,0,0,0,0,0,60,0
718,Club Brugge KV,,Jorne Spileers,0,0,0,0,0,0,0
719,RB Leipzig,,Hugo Novoa Ramos,0,0,0,0,0,75,0
720,Juventus,,Tommaso Barbieri,0,0,0,2,0,80,0
721,Benfica,,Lucas Veríssimo,0,0,0,0,0,75,0
722,FC Porto,,Rodrigo Conceição,0,0,0,1,0,75,0
