#,Time,Time,Nome,Gols,Gols esperados (xG),Grandes chances perdidas,Dribles certos,Finalizações,Conversão de gols %,Notas Sofascore,Nota Sofascore
1,Paris Saint-Germain,,Kylian Mbappé,8,8.16,10,36,51,15.69,7.69,7.69
2,FC Bayern München,,Harry Kane,8,5.9,3,4,36,22.22,7.62,7.62
3,Atlético Madrid,,Antoine Griezmann,6,4.24,3,5,22,27.27,7.84,7.84
4,Real Madrid,,Vinícius Júnior,6,4.49,4,37,30,20,7.66,7.66
5,Manchester City,,Erling Haaland,6,6.99,12,3,43,13.95,7.21,7.21
6,Manchester City,,Julián Álvarez,5,1.74,1,6,15,33.33,8.07,8.07
7,Manchester City,,Phil Foden,5,3.26,2,11,33,15.15,8.04,8.04
8,FC Porto,,Wenderson Galeno,5,2.87,2,9,16,31.25,7.59,7.59
9,Real Madrid,,Joselu,5,5.44,3,0,30,16.67,7.23,7.23
10,Manchester United,,Rasmus Højlund,5,3.31,1,5,11,45.45,7.15,7.15
11,Real Madrid,,Rodrygo,5,5.71,8,18,38,13.16,7.13,7.13
12,Atlético Madrid,,Álvaro Morata,5,4.6,7,3,25,20,6.91,6.91
13,Real Madrid,,Jude Bellingham,4,3.02,2,19,23,17.39,7.74,7.74
14,Arsenal,,Bukayo Saka,4,1.57,0,10,13,30.77,7.71,7.71
15,FC Porto,,Evanilson,4,1.75,0,5,14,28.57,7.41,7.41
16,Arsenal,,Gabriel Jesus,4,2.16,4,11,15,26.67,7.30,7.30
17,Shakhtar Donetsk,,Danylo Sikan,4,3.03,1,6,11,36.36,7.18,7.18
18,Arsenal,,Leandro Trossard,4,1.55,1,4,9,44.44,7.07,7.07
19,RB Leipzig,,Loïs Openda,4,3.52,3,10,29,13.79,7.06,7.06
20,Lazio,,Ciro Immobile,4,3.06,2,6,10,40,6.98,6.98
21,Barcelona,,Raphinha,3,2.53,0,8,24,12.5,7.74,7.74
22,Atlético Madrid,,Samuel Lino,3,2.04,3,9,18,16.67,7.54,7.54
23,Real Sociedad,,Brais Méndez,3,1.66,1,8,14,21.43,7.41,7.41
24,FC København,,Mohamed Elyounoussi,3,2.1,2,10,17,17.65,7.24,7.24
25,Barcelona,,Robert Lewandowski,3,2.96,2,2,22,13.64,7.23,7.23
26,Barcelona,,Ferran Torres,3,1.84,0,4,11,27.27,7.19,7.19
27,PSV Eindhoven,,Luuk de Jong,3,3.77,2,0,23,13.04,7.14,7.14
28,Benfica,,João Mário,3,1.46,0,6,7,42.86,7.12,7.12
29,FC København,,Lukas Lerager,3,1.36,0,3,6,50,7.12,7.12
30,Borussia Dortmund,,Niclas Füllkrug,3,5.4,10,2,35,8.57,7.01,7.01
31,Barcelona,,João Félix,3,1.61,2,7,17,17.65,6.97,6.97
32,Manchester City,,Kevin De Bruyne,2,1.16,2,2,13,15.38,8.65,8.65
33,RB Leipzig,,Xavi Simons,2,1.25,0,15,18,11.11,7.65,7.65
34,Barcelona,,João Cancelo,2,0.63,0,29,11,18.18,7.60,7.60
35,Real Sociedad,,Mikel Merino,2,1.94,1,10,14,14.29,7.56,7.56
36,FC Porto,,Mehdi Taremi,2,2.6,1,3,22,9.09,7.53,7.53
37,Paris Saint-Germain,,Vitinha,2,1.31,1,11,22,9.09,7.48,7.48
38,Manchester United,,Bruno Fernandes,2,1.56,0,7,15,13.33,7.47,7.47
39,Manchester United,,Casemiro,2,0.21,0,1,5,40,7.40,7.40
40,Paris Saint-Germain,,Ousmane Dembélé,2,2.96,6,23,33,6.06,7.35,7.35
41,Sporting Braga,,Bruma,2,0.71,0,11,12,16.67,7.34,7.34
42,Arsenal,,Martin Ødegaard,2,1.33,0,12,17,11.76,7.33,7.33
43,FC Bayern München,,Jamal Musiala,2,1.97,1,32,23,8.7,7.31,7.31
44,Borussia Dortmund,,Julian Brandt,2,1.4,2,11,19,10.53,7.25,7.25
45,Sevilla,,Sergio Ramos,2,1.8,0,1,8,25,7.24,7.24
46,FC Porto,,Pepe,2,0.15,0,1,3,66.67,7.23,7.23
47,FC Bayern München,,Kingsley Coman,2,1.72,1,16,11,18.18,7.20,7.20
48,Galatasaray,,Hakim Ziyech,2,0.23,0,3,7,28.57,7.18,7.18
49,Manchester City,,Manuel Akanji,2,0.95,0,1,5,40,7.18,7.18
50,FK Crvena zvezda,,Osman Bukari,2,0.97,0,12,12,16.67,7.17,7.17
51,Manchester City,,Bernardo Silva,2,1.77,2,3,17,11.76,7.14,7.14
52,Arsenal,,Gabriel Martinelli,2,1.81,2,20,10,20,7.13,7.13
53,FC Bayern München,,Leroy Sané,2,1.66,5,35,25,8,7.11,7.11
54,Galatasaray,,Mauro Icardi,2,4.17,6,1,21,9.52,7.07,7.07
55,FC København,,Diogo Gonçalves,2,1.93,1,5,12,16.67,7.06,7.06
56,FC Bayern München,,Mathys Tel,2,0.46,1,11,8,25,7.01,7.01
57,Real Sociedad,,Sheraldo Becker,2,1.31,2,0,11,18.18,6.98,6.98
58,Galatasaray,,Kerem Aktürkoğlu,2,2.1,4,3,18,11.11,6.97,6.97
59,RC Lens,,Angelo Fulgini,2,1.42,1,3,7,28.57,6.97,6.97
60,Borussia Dortmund,,Marco Reus,2,2.02,0,3,10,20,6.93,6.93
61,Milan,,Samuel Chukwueze,2,0.94,2,5,9,22.22,6.93,6.93
62,Sevilla,,Youssef En-Nesyri,2,1.82,2,1,10,20,6.92,6.92
63,Real Sociedad,,Mikel Oyarzabal,2,1.99,4,2,10,20,6.91,6.91
64,Inter,,Alexis Sánchez,2,1.25,0,2,3,66.67,6.90,6.90
65,Red Bull Salzburg,,Oscar Gloukh,2,1.24,0,6,7,28.57,6.88,6.88
66,Sporting Braga,,Álvaro Djaló,2,1.85,2,9,9,22.22,6.88,6.88
67,Feyenoord,,Santiago Giménez,2,2.29,4,4,11,18.18,6.88,6.88
68,Napoli,,Victor Osimhen,2,2.35,3,5,16,12.5,6.87,6.87
69,Lazio,,Pedro,2,0.98,0,5,4,50,6.86,6.86
70,Borussia Dortmund,,Karim Adeyemi,2,1.77,1,13,15,13.33,6.86,6.86
71,Real Madrid,,Brahim Díaz,2,1.53,1,12,10,20,6.86,6.86
72,Inter,,Lautaro Martínez,2,4.67,5,4,34,5.88,6.85,6.85
73,Barcelona,,Fermín López,2,2.16,3,4,11,18.18,6.85,6.85
74,FC Bayern München,,Serge Gnabry,2,0.5,0,0,4,50,6.83,6.83
75,RC Lens,,Elye Wahi,2,1.08,0,5,14,14.29,6.78,6.78
76,Young Boys,,Meschack Elia,2,0.73,1,6,7,28.57,6.73,6.73
77,Inter,,Marko Arnautović,2,2.85,3,2,7,28.57,6.73,6.73
78,Benfica,,Rafa Silva,2,2.34,3,4,12,16.67,6.72,6.72
79,Sevilla,,Nemanja Gudelj,2,0.44,0,0,4,50,6.72,6.72
80,Celtic,,Luis Palma,2,1.06,0,3,6,33.33,6.70,6.70
81,Celtic,,Kyogo Furuhashi,2,1.5,2,1,10,20,6.63,6.63
82,RB Leipzig,,Benjamin Šeško,2,2.84,4,5,15,13.33,6.63,6.63
83,RB Leipzig,,Willi Orbán,1,0.25,0,1,5,20,7.90,7.90
84,Manchester City,,Rodri,1,0.81,2,10,12,8.33,7.86,7.86
85,Manchester City,,Jérémy Doku,1,1.28,1,29,12,8.33,7.59,7.59
86,RB Leipzig,,David Raum,1,0.21,0,0,2,50,7.56,7.56
87,Feyenoord,,Calvin Stengs,1,0.4,1,12,4,25,7.52,7.52
88,FC Bayern München,,Joshua Kimmich,1,0.73,0,4,9,11.11,7.49,7.49
89,FK Crvena zvezda,,In-Beom Hwang,1,0.91,1,3,13,7.69,7.47,7.47
90,Benfica,,Ángel Di María,1,0.34,0,8,12,8.33,7.40,7.40
91,Real Madrid,,Dani Ceballos,1,0.19,0,3,2,50,7.40,7.40
92,Manchester City,,Joško Gvardiol,1,0.13,0,6,2,50,7.38,7.38
93,Inter,,Hakan Çalhanoğlu,1,1.14,0,1,12,8.33,7.38,7.38
94,PSV Eindhoven,,Johan Bakayoko,1,1.24,1,20,24,4.17,7.36,7.36
95,Borussia Dortmund,,Mats Hummels,1,0.93,1,7,10,10,7.35,7.35
96,RB Leipzig,,Dani Olmo,1,0.89,0,3,9,11.11,7.30,7.30
97,Galatasaray,,Cédric Bakambu,1,0.53,0,0,7,14.29,7.30,7.30
98,Sporting Braga,,André Castro,1,0.03,0,0,1,100,7.30,7.30
99,Paris Saint-Germain,,Achraf Hakimi,1,0.95,0,8,17,5.88,7.26,7.26
100,Atlético Madrid,,Arthur Vermeeren,1,0.53,0,6,5,20,7.25,7.25
101,Milan,,Rafael Leão,1,1.1,2,18,11,9.09,7.24,7.24
102,FC Porto,,Stephen Eustaquio,1,0.54,0,1,7,14.29,7.23,7.23
103,Napoli,,Giovanni Di Lorenzo,1,0.39,0,6,10,10,7.23,7.23
104,RC Lens,,Przemysław Frankowski,1,0.79,0,3,1,100,7.20,7.20
105,Newcastle United,,Miguel Almirón,1,1.39,1,1,12,8.33,7.20,7.20
106,Newcastle United,,Dan Burn,1,0.22,0,0,3,33.33,7.18,7.18
107,Napoli,,Leo Østigård,1,0.38,0,1,4,25,7.17,7.17
108,Napoli,,Matteo Politano,1,0.58,0,6,13,7.69,7.16,7.16
109,Real Madrid,,Nico Paz,1,0.01,0,5,1,100,7.15,7.15
110,Paris Saint-Germain,,Kang-in Lee,1,1.21,1,5,12,8.33,7.14,7.14
111,Atlético Madrid,,Rodrigo de Paul,1,0.71,0,6,6,16.67,7.14,7.14
112,FC Bayern München,,Thomas Müller,1,1.32,3,1,7,14.29,7.13,7.13
113,Manchester United,,Harry Maguire,1,0.28,0,0,2,50,7.13,7.13
114,Real Madrid,,Daniel Carvajal,1,0.59,0,3,8,12.5,7.12,7.12
115,Feyenoord,,Mats Wieffer,1,0.63,0,9,7,14.29,7.12,7.12
116,Young Boys,,Filip Ugrinić,1,0.54,0,5,9,11.11,7.12,7.12
117,Napoli,,Amir Rrahmani,1,0.46,0,2,5,20,7.11,7.11
118,Inter,,Davide Frattesi,1,0.94,0,1,10,10,7.10,7.10
119,Real Madrid,,Federico Valverde,1,1.15,0,10,24,4.17,7.10,7.10
120,Newcastle United,,Joelinton,1,0.54,1,5,7,14.29,7.10,7.10
121,Paris Saint-Germain,,Milan Škriniar,1,0.53,0,0,3,33.33,7.10,7.10
122,Lazio,,Ivan Provedel,1,0.47,0,0,1,100,7.08,7.08
123,Napoli,,Piotr Zieliński,1,2.04,3,5,8,12.5,7.07,7.07
124,Borussia Dortmund,,Marcel Sabitzer,1,1.17,3,4,12,8.33,7.06,7.06
125,FC Porto,,Pepê,1,1.19,1,10,9,11.11,7.06,7.06
126,Real Sociedad,,Ander Barrenetxea,1,0.4,0,16,9,11.11,7.06,7.06
127,RB Leipzig,,Xaver Schlager,1,0.06,0,5,2,50,7.05,7.05
128,FC København,,Magnus Mattsson,1,0.54,1,1,5,20,7.05,7.05
129,Feyenoord,,Alireza Jahanbakhsh,1,0.25,0,1,3,33.33,7.05,7.05
130,FC Bayern München,,Sacha Boey,1,0.24,0,7,5,20,7.05,7.05
131,Manchester City,,Micah Hamilton,1,0.2,0,0,3,33.33,7.05,7.05
132,Borussia Dortmund,,Ian Maatsen,1,0.18,0,5,4,25,7.04,7.04
133,Red Bull Salzburg,,Roko Šimić,1,1.2,0,3,8,12.5,7.04,7.04
134,Borussia Dortmund,,Donyell Malen,1,2.09,1,7,23,4.35,7.04,7.04
135,Atlético Madrid,,Memphis Depay,1,1.02,2,3,7,14.29,7.03,7.03
136,Paris Saint-Germain,,Warren Zaïre-Emery,1,0.71,1,10,7,14.29,7.03,7.03
137,Newcastle United,,Fabian Schär,1,0.23,0,0,5,20,7.02,7.02
138,Barcelona,,Andreas Christensen,1,0.71,0,1,4,25,7.01,7.01
139,Shakhtar Donetsk,,Georgiy Sudakov,1,1.08,1,6,10,10,7.00,7.00
140,1. FC Union Berlin,,David Datro Fofana,1,0.9,1,5,8,12.5,7.00,7.00
141,Barcelona,,Gavi,1,0.46,0,3,3,33.33,7.00,7.00
142,PSV Eindhoven,,Jordan Teze,1,0.26,0,1,4,25,7.00,7.00
143,Manchester City,,Oscar Bobb,1,0.22,0,3,4,25,7.00,7.00
144,Feyenoord,,Ramiz Zerrouki,1,0.15,0,5,5,20,7.00,7.00
145,Shakhtar Donetsk,,Yaroslav Rakitskyi,1,0.05,0,0,1,100,7.00,7.00
146,Shakhtar Donetsk,,Mykola Matviyenko,1,0.45,2,0,3,33.33,6.98,6.98
147,Feyenoord,,Yankuba Minteh,1,1.32,2,11,10,10,6.98,6.98
148,Red Bull Salzburg,,Luka Sučić,1,0.3,0,9,8,12.5,6.97,6.97
149,Sevilla,,Lucas Ocampos,1,0.69,1,16,12,8.33,6.96,6.96
150,PSV Eindhoven,,Yorbe Vertessen,1,0.41,1,4,5,20,6.95,6.95
151,Young Boys,,Ebrima Colley,1,0.79,0,1,6,16.67,6.95,6.95
152,Benfica,,Arthur Cabral,1,0.68,0,1,3,33.33,6.95,6.95
153,Arsenal,,Jorginho,1,0.81,0,0,2,50,6.94,6.94
154,Atlético Madrid,,Pablo Barrios,1,0.32,0,4,4,25,6.94,6.94
155,Inter,,Federico Dimarco,1,0.47,0,1,6,16.67,6.94,6.94
156,Feyenoord,,Dávid Hancko,1,1.3,1,2,7,14.29,6.93,6.93
157,Borussia Dortmund,,Jadon Sancho,1,0.17,0,26,3,33.33,6.93,6.93
158,Newcastle United,,Sean Longstaff,1,0.13,0,3,2,50,6.92,6.92
159,1. FC Union Berlin,,Robin Gosens,1,0.4,0,1,5,20,6.92,6.92
160,FC Bayern München,,Alphonso Davies,1,0.23,0,20,4,25,6.91,6.91
161,Atlético Madrid,,Mario Hermoso,1,0.1,0,6,4,25,6.91,6.91
162,Barcelona,,Marc Guiu,1,0.37,0,0,2,50,6.90,6.90
163,Shakhtar Donetsk,,Eguinaldo,1,0.12,0,0,2,50,6.90,6.90
164,Inter,,Marcus Thuram,1,1.48,2,12,9,11.11,6.89,6.89
165,1. FC Union Berlin,,Alex Král,1,0.06,0,1,3,33.33,6.88,6.88
166,Napoli,,Frank Anguissa,1,1.02,2,6,10,10,6.87,6.87
167,FC Porto,,Francisco Conceição,1,0.92,0,5,7,14.29,6.87,6.87
168,Galatasaray,,Wilfried Zaha,1,0.78,0,10,9,11.11,6.85,6.85
169,Young Boys,,Cédric Itten,1,1.27,0,0,8,12.5,6.85,6.85
170,Milan,,Christian Pulišić,1,1.09,1,6,10,10,6.85,6.85
171,Lazio,,Matías Vecino,1,0.6,0,1,7,14.29,6.85,6.85
172,PSV Eindhoven,,Ismael Saibari,1,1.8,2,9,11,9.09,6.84,6.84
173,Manchester United,,Scott McTominay,1,1.38,1,3,9,11.11,6.84,6.84
174,PSV Eindhoven,,Ricardo Pepi,1,0.79,1,0,5,20,6.84,6.84
175,Atlético Madrid,,Ángel Correa,1,2.07,4,9,16,6.25,6.83,6.83
176,Napoli,,Giovanni Simeone,1,1.37,0,1,7,14.29,6.83,6.83
177,FC København,,Roony Bardghji,1,0.45,1,6,4,25,6.83,6.83
178,FK Crvena zvezda,,Cherif Ndiaye,1,2.85,2,5,9,11.11,6.82,6.82
179,RB Leipzig,,Emil Forsberg,1,0.82,0,4,9,11.11,6.82,6.82
180,Paris Saint-Germain,,Lucas Hernández,1,0.65,0,4,4,25,6.81,6.81
181,Royal Antwerp FC,,Vincent Janssen,1,0.96,0,2,12,8.33,6.80,6.80
182,Manchester City,,Kalvin Phillips,1,0.91,0,0,5,20,6.80,6.80
183,Sporting Braga,,Sikou Niakaté,1,0.86,0,0,3,33.33,6.80,6.80
184,RB Leipzig,,Mohamed Simakan,1,0.7,1,1,5,20,6.80,6.80
185,Paris Saint-Germain,,Bradley Barcola,1,2.41,4,19,16,6.25,6.79,6.79
186,Napoli,,Giacomo Raspadori,1,0.34,0,2,9,11.11,6.79,6.79
187,Borussia Dortmund,,Sébastien Haller,1,0.31,0,0,1,100,6.78,6.78
188,Arsenal,,Kai Havertz,1,0.99,2,3,11,9.09,6.77,6.77
189,FK Crvena zvezda,,Aleksandar Katai,1,0.37,0,3,6,16.67,6.76,6.76
190,Celtic,,Gustaf Lagerbielke,1,0.79,0,0,1,100,6.75,6.75
191,Royal Antwerp FC,,Alhassan Yusuf,1,0.23,0,3,3,33.33,6.73,6.73
192,Atlético Madrid,,Saúl Ñíguez,1,0.39,0,0,5,20,6.73,6.73
193,Borussia Dortmund,,Felix Nmecha,1,0.48,1,4,7,14.29,6.73,6.73
194,Newcastle United,,Alexander Isak,1,1.42,1,2,6,16.67,6.72,6.72
195,Arsenal,,Edward Nketiah,1,0.36,0,1,5,20,6.72,6.72
196,Royal Antwerp FC,,Arbnor Muja,1,0.8,1,6,11,9.09,6.70,6.70
197,Royal Antwerp FC,,Michel Ange Balikwisha,1,0.68,1,6,3,33.33,6.70,6.70
198,Borussia Dortmund,,Jamie Gittens,1,0.53,0,5,8,12.5,6.70,6.70
199,Young Boys,,Lewin Blum,1,0.09,0,1,4,25,6.70,6.70
200,Milan,,Olivier Giroud,1,2.58,4,0,13,7.69,6.68,6.68
201,Paris Saint-Germain,,Randal Kolo Muani,1,1.9,2,7,8,12.5,6.68,6.68
202,RC Lens,,Adrien Thomasson,1,0.37,1,0,5,20,6.68,6.68
203,Royal Antwerp FC,,George Ilenikhena,1,0.78,0,1,2,50,6.67,6.67
204,FK Crvena zvezda,,Marko Stamenić,1,0.53,0,1,2,50,6.65,6.65
205,1. FC Union Berlin,,Kevin Volland,1,0.68,1,1,2,50,6.62,6.62
206,Galatasaray,,Tetê,1,0.15,1,4,3,33.33,6.60,6.60
207,Manchester United,,Alejandro Garnacho,1,1,3,4,8,12.5,6.53,6.53
208,Shakhtar Donetsk,,Kevin Kelsy,1,0.25,0,0,2,50,6.45,6.45
209,Newcastle United,,Nick Pope,0,,0,0,0,0,7.70,7.70
210,Borussia Dortmund,,Alexander Meyer,0,,0,0,0,0,7.60,7.60
211,Real Madrid,,Andriy Lunin,0,,0,0,0,0,7.58,7.58
212,Inter,,Yann Sommer,0,,0,0,0,0,7.54,7.54
213,Borussia Dortmund,,Gregor Kobel,0,,0,1,0,0,7.54,7.54
214,Red Bull Salzburg,,Alexander Schlager,0,,0,0,0,0,7.53,7.53
215,Borussia Dortmund,,Ramy Bensebaini,0,0.09,0,2,3,0,7.52,7.52
216,Real Madrid,,Thibaut Courtois,0,,0,0,0,0,7.50,7.50
217,Manchester City,,Matheus Nunes,0,1.69,2,9,12,0,7.45,7.45
218,Real Madrid,,Toni Kroos,0,0.32,0,2,7,0,7.44,7.44
219,Napoli,,Natan,0,0.25,0,2,2,0,7.44,7.44
220,Manchester City,,Jack Grealish,0,1.15,0,6,13,0,7.44,7.44
221,Barcelona,,İlkay Gündoğan,0,0.94,1,10,15,0,7.43,7.43
222,Young Boys,,Anthony Racioppi,0,,0,0,0,0,7.40,7.40
223,Shakhtar Donetsk,,Dmytro Riznyk,0,,0,1,0,0,7.40,7.40
224,PSV Eindhoven,,Noa Lang,0,0.46,1,13,9,0,7.40,7.40
225,Sevilla,,Ivan Rakitić,0,0.1,0,1,3,0,7.37,7.37
226,Benfica,,João Neves,0,0.39,1,13,6,0,7.37,7.37
227,Sevilla,,Ørjan Nyland,0,,0,0,0,0,7.35,7.35
228,Inter,,Nicolò Barella,0,0.86,1,1,6,0,7.34,7.34
229,PSV Eindhoven,,Joey Veerman,0,0.37,0,6,8,0,7.33,7.33
230,Feyenoord,,Igor Paixão,0,1.41,1,10,11,0,7.30,7.30
231,Napoli,,Alex Meret,0,,0,0,0,0,7.29,7.29
232,RB Leipzig,,Benjamin Henrichs,0,0.22,0,4,5,0,7.28,7.28
233,Milan,,Mike Maignan,0,,0,0,0,0,7.27,7.27
234,Real Sociedad,,Takefusa Kubo,0,0.35,0,17,11,0,7.26,7.26
235,Sporting Braga,,Ricardo Horta,0,1.19,0,4,17,0,7.25,7.25
236,Barcelona,,Lamine Yamal,0,1.72,3,23,21,0,7.24,7.24
237,Atlético Madrid,,Jan Oblak,0,,0,0,0,0,7.24,7.24
238,Shakhtar Donetsk,,Oleksandr Zubkov,0,0.4,0,9,10,0,7.23,7.23
239,Milan,,Alessandro Florenzi,0,0.04,0,2,1,0,7.23,7.23
240,Napoli,,Khvicha Kvaratskhelia,0,0.93,1,29,17,0,7.23,7.23
241,Arsenal,,Declan Rice,0,0.24,0,16,4,0,7.22,7.22
242,FC Bayern München,,Leon Goretzka,0,0.79,3,3,9,0,7.21,7.21
243,RB Leipzig,,Kevin Kampl,0,0.05,0,2,2,0,7.20,7.20
244,Paris Saint-Germain,,Danilo Pereira,0,,0,0,0,0,7.20,7.20
245,FC Bayern München,,Dayot Upamecano,0,0.28,1,0,5,0,7.20,7.20
246,Paris Saint-Germain,,Fabián Ruiz,0,1.36,3,8,13,0,7.19,7.19
247,Lazio,,Luis Alberto,0,0.87,0,4,14,0,7.19,7.19
248,Celtic,,Matt O'Riley,0,0.14,0,3,4,0,7.18,7.18
249,Atlético Madrid,,Marcos Llorente,0,0.25,0,4,5,0,7.18,7.18
250,Manchester City,,Rúben Dias,0,0.67,1,1,5,0,7.18,7.18
251,Shakhtar Donetsk,,Irakli Azarovi,0,0.07,0,0,3,0,7.18,7.18
252,Benfica,,Nicolás Otamendi,0,0.48,0,1,7,0,7.17,7.17
253,FK Crvena zvezda,,Omri Glazer,0,,0,0,0,0,7.17,7.17
254,Arsenal,,David Raya,0,,0,0,0,0,7.17,7.17
255,Barcelona,,Jules Koundé,0,0.05,0,5,2,0,7.16,7.16
256,Sporting Braga,,Mutassim Al-Musrati,0,0.29,0,1,4,0,7.16,7.16
257,Inter,,Henrikh Mkhitaryan,0,0.27,0,9,5,0,7.16,7.16
258,Milan,,Theo Hernández,0,0.76,1,4,9,0,7.15,7.15
259,Milan,,Ruben Loftus-Cheek,0,0.55,0,13,8,0,7.15,7.15
260,FC Porto,,David Carmo,0,0.01,0,1,1,0,7.15,7.15
261,Real Madrid,,Eduardo Camavinga,0,0.26,0,13,10,0,7.14,7.14
262,Barcelona,,Pedri,0,0.34,0,3,3,0,7.13,7.13
263,Borussia Dortmund,,Nico Schlotterbeck,0,0.35,1,2,5,0,7.13,7.13
264,Sporting Braga,,Rodrigo Zalazar,0,0.13,0,6,6,0,7.13,7.13
265,Atlético Madrid,,Koke,0,0.06,0,2,3,0,7.13,7.13
266,Paris Saint-Germain,,Nuno Mendes,0,0.2,0,7,4,0,7.12,7.12
267,Galatasaray,,Dries Mertens,0,0.13,0,0,4,0,7.12,7.12
268,Benfica,,Anatoliy Trubin,0,,0,0,0,0,7.12,7.12
269,Milan,,Fikayo Tomori,0,0.52,1,0,5,0,7.12,7.12
270,Manchester City,,Rico Lewis,0,0.72,2,5,5,0,7.11,7.11
271,Galatasaray,,Davinson Sánchez,0,0.38,1,2,2,0,7.10,7.10
272,Royal Antwerp FC,,Senne Lammens,0,,0,0,0,0,7.10,7.10
273,Celtic,,Stephen Welsh,0,,0,0,0,0,7.10,7.10
274,Newcastle United,,Matt Targett,0,,0,0,0,0,7.10,7.10
275,1. FC Union Berlin,,Frederik Rønnow,0,,0,0,0,0,7.10,7.10
276,Milan,,Luka Jović,0,0.56,0,0,5,0,7.10,7.10
277,Real Sociedad,,Igor Zubeldia,0,0.29,0,1,4,0,7.09,7.09
278,Newcastle United,,Bruno Guimarães,0,0.27,1,6,3,0,7.08,7.08
279,Newcastle United,,Kieran Trippier,0,0.12,0,3,3,0,7.08,7.08
280,RC Lens,,Brice Samba,0,,0,0,0,0,7.08,7.08
281,Sporting Braga,,Matheus,0,,0,0,0,0,7.08,7.08
282,Real Madrid,,Antonio Rüdiger,0,0.74,1,1,6,0,7.08,7.08
283,Real Sociedad,,Hamari Traoré,0,0.07,0,6,3,0,7.07,7.07
284,FC Bayern München,,Aleksandar Pavlović,0,,0,2,0,0,7.07,7.07
285,Benfica,,Alexander Bah,0,,0,2,0,0,7.07,7.07
286,Manchester City,,Sergio Gómez,0,0.23,0,1,4,0,7.07,7.07
287,Lazio,,Mattia Zaccagni,0,0.23,0,8,7,0,7.07,7.07
288,Manchester City,,Kyle Walker,0,0.2,0,1,2,0,7.07,7.07
289,Newcastle United,,Valentino Livramento,0,0.03,0,2,1,0,7.07,7.07
290,Real Sociedad,,Álex Remiro,0,,0,0,0,0,7.06,7.06
291,Sporting Braga,,João Moutinho,0,0.11,0,7,2,0,7.06,7.06
292,Inter,,Benjamin Pavard,0,0.01,0,1,1,0,7.06,7.06
293,Paris Saint-Germain,,Marquinhos,0,0.44,1,1,3,0,7.05,7.05
294,FC Bayern München,,Matthijs de Ligt,0,0.16,0,0,5,0,7.05,7.05
295,Real Sociedad,,Aihen Muñoz,0,0.09,0,3,4,0,7.05,7.05
296,Newcastle United,,Jacob Murphy,0,0.07,0,0,2,0,7.05,7.05
297,Sevilla,,Fernando,0,,0,3,0,0,7.05,7.05
298,Lazio,,Mario Gila Fuentes,0,0.14,0,1,3,0,7.05,7.05
299,FC København,,Denis Vavro,0,0.13,0,0,7,0,7.05,7.05
300,FC København,,Kevin Diks,0,0.04,0,1,2,0,7.05,7.05
301,Atlético Madrid,,Nahuel Molina,0,0.09,0,1,4,0,7.04,7.04
302,Lazio,,Gustav Isaksen,0,0.74,1,8,8,0,7.04,7.04
303,FC Porto,,Wendell,0,0.15,0,5,3,0,7.04,7.04
304,Barcelona,,Marc-André ter Stegen,0,,0,1,0,0,7.04,7.04
305,FC København,,Kamil Grabara,0,,0,0,0,0,7.04,7.04
306,Benfica,,Tomás Araújo,0,,0,3,0,0,7.03,7.03
307,Inter,,Stefan de Vrij,0,,0,1,0,0,7.03,7.03
308,Paris Saint-Germain,,Gianluigi Donnarumma,0,,0,0,0,0,7.03,7.03
309,FC København,,Rasmus Falk Jensen,0,0.08,0,3,2,0,7.03,7.03
310,Manchester City,,Nathan Aké,0,0.94,1,1,4,0,7.03,7.03
311,Real Madrid,,Kepa Arrizabalaga,0,,0,0,0,0,7.03,7.03
312,Real Sociedad,,Martín Zubimendi,0,0.63,1,5,7,0,7.03,7.03
313,Royal Antwerp FC,,Chidera Ejuke,0,0.24,0,18,3,0,7.03,7.03
314,FC Bayern München,,Manuel Neuer,0,,0,1,0,0,7.02,7.02
315,Sporting Braga,,Simon Banza,0,1.1,1,5,14,0,7.02,7.02
316,Celtic,,Joe Hart,0,,0,0,0,0,7.02,7.02
317,FC Bayern München,,Raphaël Guerreiro,0,0.41,0,1,6,0,7.00,7.00
318,PSV Eindhoven,,Malik Tillman,0,0.42,1,6,3,0,7.00,7.00
319,Young Boys,,Joël Monteiro,0,0.34,1,7,4,0,7.00,7.00
320,FC Bayern München,,Noussair Mazraoui,0,0.13,0,6,5,0,7.00,7.00
321,1. FC Union Berlin,,Jérôme Roussillon,0,0.06,0,3,2,0,7.00,7.00
322,Arsenal,,Aaron Ramsdale,0,,0,0,0,0,7.00,7.00
323,Newcastle United,,Sven Botman,0,,0,0,0,0,7.00,7.00
324,Barcelona,,Iñaki Peña,0,,0,0,0,0,7.00,7.00
325,RB Leipzig,,Christopher Lenz,0,,0,2,0,0,7.00,7.00
326,Paris Saint-Germain,,Lucas Beraldo,0,,0,2,0,0,7.00,7.00
327,Arsenal,,Gabriel Magalhães,0,0.43,0,0,5,0,7.00,7.00
328,Lazio,,Patric,0,0.04,0,1,1,0,7.00,7.00
329,PSV Eindhoven,,Olivier Boscagli,0,0.05,0,3,2,0,6.99,6.99
330,Feyenoord,,Quinten Timber,0,0.6,2,7,8,0,6.98,6.98
331,Royal Antwerp FC,,Toby Alderweireld,0,1.55,2,1,10,0,6.98,6.98
332,Real Madrid,,Aurélien Tchouaméni,0,0.17,0,0,5,0,6.98,6.98
333,RC Lens,,Florian Sotoca,0,0.51,1,2,9,0,6.97,6.97
334,Inter,,Francesco Acerbi,0,0.22,0,1,1,0,6.97,6.97
335,Galatasaray,,Lucas Torreira,0,0.35,2,4,5,0,6.97,6.97
336,Milan,,Yacine Adli,0,0.14,0,2,2,0,6.97,6.97
337,Real Madrid,,Luka Modrić,0,1.05,1,1,7,0,6.96,6.96
338,FC Bayern München,,Eric Dier,0,0.34,1,0,4,0,6.96,6.96
339,RC Lens,,Deiver Machado,0,0.24,2,5,5,0,6.96,6.96
340,RC Lens,,Andy Diouf,0,,0,2,0,0,6.95,6.95
341,Sporting Braga,,Cristián Borja,0,,0,2,0,0,6.95,6.95
342,Barcelona,,Ronald Araújo,0,0.9,1,2,6,0,6.95,6.95
343,Manchester City,,Mateo Kovačić,0,0.41,0,4,6,0,6.95,6.95
344,Celtic,,Liam Scales,0,0.12,0,1,2,0,6.95,6.95
345,FK Crvena zvezda,,Guélor Kanga,0,0.05,0,1,3,0,6.95,6.95
346,Atlético Madrid,,José María Giménez,0,0.16,0,0,3,0,6.94,6.94
347,1. FC Union Berlin,,Kevin Behrens,0,0.93,1,1,6,0,6.94,6.94
348,Milan,,Malick Thiaw,0,0.1,0,0,2,0,6.94,6.94
349,FC Porto,,Diogo Costa,0,,0,0,0,0,6.94,6.94
350,Shakhtar Donetsk,,Taras Stepanenko,0,0.46,0,0,7,0,6.93,6.93
351,FC København,,Birger Meling,0,0.05,0,3,1,0,6.93,6.93
352,RC Lens,,Jonathan Gradit,0,,0,3,0,0,6.93,6.93
353,Milan,,Tijjani Reijnders,0,0.34,0,9,6,0,6.93,6.93
354,Red Bull Salzburg,,Andreas Ulmer,0,0.06,0,0,1,0,6.93,6.93
355,FC Porto,,João Mário,0,0.06,0,16,1,0,6.93,6.93
356,Atlético Madrid,,Axel Witsel,0,0.18,0,1,3,0,6.92,6.92
357,Lazio,,Alessio Romagnoli,0,0.74,1,0,5,0,6.92,6.92
358,Young Boys,,Ulisses Garcia,0,0.37,0,11,8,0,6.92,6.92
359,PSV Eindhoven,,André Ramalho,0,0.21,0,0,3,0,6.92,6.92
360,PSV Eindhoven,,Jerdy Schouten,0,,0,6,0,0,6.91,6.91
361,Inter,,Alessandro Bastoni,0,0.31,1,3,3,0,6.91,6.91
362,Arsenal,,Takehiro Tomiyasu,0,0.33,1,2,2,0,6.90,6.90
363,Lazio,,Felipe Anderson,0,0.65,2,13,9,0,6.90,6.90
364,Arsenal,,Ben White,0,0.57,1,3,8,0,6.90,6.90
365,Lazio,,Mattéo Guendouzi,0,0.53,0,5,6,0,6.90,6.90
366,Real Madrid,,David Alaba,0,0.38,0,1,4,0,6.90,6.90
367,Benfica,,Fredrik Aursnes,0,0.07,0,1,2,0,6.90,6.90
368,FC Bayern München,,Bouna Sarr,0,,0,0,0,0,6.90,6.90
369,Milan,,Marco Sportiello,0,,0,0,0,0,6.90,6.90
370,Real Sociedad,,Kieran Tierney,0,,0,0,2,0,6.90,6.90
371,Barcelona,,Frenkie de Jong,0,,0,4,0,0,6.90,6.90
372,FK Crvena zvezda,,Aleksandar Dragović,0,0.62,1,0,2,0,6.90,6.90
373,Real Sociedad,,André Silva,0,0.25,0,2,4,0,6.90,6.90
374,Celtic,,Callum McGregor,0,0.24,0,2,4,0,6.90,6.90
375,FC Bayern München,,Min-jae Kim,0,0.13,0,0,2,0,6.90,6.90
376,Celtic,,Reo Hatate,0,0.13,0,0,3,0,6.90,6.90
377,RB Leipzig,,Amadou Haidara,0,0.11,0,0,4,0,6.90,6.90
378,PSV Eindhoven,,Armando Obispo,0,0.07,0,0,1,0,6.90,6.90
379,Young Boys,,Fabian Lustenberger,0,0.06,0,1,1,0,6.90,6.90
380,Celtic,,Michael Johnston,0,0.04,0,3,2,0,6.90,6.90
381,Inter,,Yann Bisseck,0,0.04,0,1,2,0,6.90,6.90
382,FC Porto,,Iván Jaime,0,0.03,0,0,1,0,6.90,6.90
383,Feyenoord,,Javairô Dilrosun,0,0.03,0,0,1,0,6.90,6.90
384,Red Bull Salzburg,,Strahinja Pavlović,0,0.01,0,4,1,0,6.90,6.90
385,Real Madrid,,Lucas Vázquez,0,0.13,0,2,3,0,6.89,6.89
386,Young Boys,,Cheikh Niasse,0,0.28,1,2,4,0,6.88,6.88
387,Real Sociedad,,Beñat Turrientes,0,0.54,1,5,7,0,6.88,6.88
388,Galatasaray,,Abdülkerim Bardakcı,0,0.53,1,3,2,0,6.88,6.88
389,Feyenoord,,Quilindschy Hartman,0,0.26,1,1,4,0,6.88,6.88
390,Borussia Dortmund,,Marius Wolf,0,0.25,0,1,3,0,6.88,6.88
391,Red Bull Salzburg,,Amar Dedić,0,0.23,0,12,6,0,6.88,6.88
392,Arsenal,,Reiss Nelson,0,0.39,0,7,6,0,6.88,6.88
393,RB Leipzig,,Janis Blaswich,0,,0,0,0,0,6.88,6.88
394,Young Boys,,Loris Benito,0,0.27,1,0,1,0,6.88,6.88
395,Sporting Braga,,Victor Gómez,0,,0,1,0,0,6.88,6.88
396,FC Porto,,André Franco,0,0.75,1,1,5,0,6.88,6.88
397,Real Madrid,,Nacho Fernández,0,0.42,0,2,6,0,6.88,6.88
398,Feyenoord,,Gernot Trauner,0,0.24,1,0,2,0,6.88,6.88
399,Red Bull Salzburg,,Nicolás Capaldo,0,0.15,0,2,3,0,6.88,6.88
400,Manchester United,,André Onana,0,,0,0,0,0,6.87,6.87
401,Galatasaray,,Fernando Muslera,0,,0,0,0,0,6.87,6.87
402,Feyenoord,,Lutsharel Geertruida,0,0.39,1,8,2,0,6.87,6.87
403,Napoli,,Mathías Olivera,0,0.26,1,0,1,0,6.87,6.87
404,Arsenal,,Emile Smith Rowe,0,0.16,0,0,3,0,6.87,6.87
405,Barcelona,,Alejandro Balde,0,0.1,0,10,2,0,6.87,6.87
406,PSV Eindhoven,,Walter Benítez,0,,0,0,0,0,6.86,6.86
407,Benfica,,Morato,0,0.25,0,1,3,0,6.86,6.86
408,FC Porto,,Otávio,0,,0,1,0,0,6.85,6.85
409,Young Boys,,Jean-Pierre Nsame,0,0.45,1,0,4,0,6.85,6.85
410,Milan,,Davide Calabria,0,0.21,1,2,1,0,6.85,6.85
411,Sevilla,,Jesús Navas,0,,0,0,0,0,6.85,6.85
412,Borussia Dortmund,,Niklas Süle,0,,0,2,0,0,6.85,6.85
413,Newcastle United,,Anthony Gordon,0,0.59,1,4,6,0,6.85,6.85
414,Inter,,Juan Cuadrado,0,0.02,0,2,1,0,6.85,6.85
415,Young Boys,,Mohamed Camara,0,,0,5,0,0,6.84,6.84
416,Galatasaray,,Sérgio Oliveira,0,0.12,0,4,3,0,6.84,6.84
417,Red Bull Salzburg,,Lucas Gourna-Douath,0,0.02,0,6,1,0,6.84,6.84
418,Manchester United,,Aaron Wan-Bissaka,0,,0,2,0,0,6.83,6.83
419,FC København,,Nicolai Boilesen,0,,0,0,0,0,6.83,6.83
420,Paris Saint-Germain,,Marco Asensio,0,0.43,0,2,8,0,6.83,6.83
421,Napoli,,Mário Rui,0,0.02,0,0,1,0,6.83,6.83
422,Borussia Dortmund,,Julian Ryerson,0,0.19,0,14,5,0,6.83,6.83
423,Manchester City,,Ederson,0,,0,0,0,0,6.83,6.83
424,Atlético Madrid,,Rodrigo Riquelme,0,0.66,1,12,10,0,6.83,6.83
425,Inter,,Matteo Darmian,0,0.1,0,4,2,0,6.83,6.83
426,Shakhtar Donetsk,,Yehor Nazaryna,0,0.23,1,0,3,0,6.83,6.83
427,PSV Eindhoven,,Sergiño Dest,0,0.16,0,14,4,0,6.83,6.83
428,Real Sociedad,,Javi Galán,0,,0,4,0,0,6.83,6.83
429,Royal Antwerp FC,,Ritchie De Laet,0,0.05,0,1,1,0,6.83,6.83
430,Milan,,Rade Krunić,0,0.03,0,0,1,0,6.83,6.83
431,Borussia Dortmund,,Salih Özcan,0,0.15,0,0,3,0,6.82,6.82
432,Barcelona,,Sergi Roberto,0,0.02,0,1,1,0,6.82,6.82
433,Newcastle United,,Jamaal Lascelles,0,0.1,0,1,2,0,6.82,6.82
434,Atlético Madrid,,Stefan Savić,0,0.05,0,0,2,0,6.82,6.82
435,Manchester City,,John Stones,0,0.02,0,0,1,0,6.82,6.82
436,PSV Eindhoven,,Hirving Lozano,0,0.69,0,7,16,0,6.81,6.81
437,Real Sociedad,,Robin Le Normand,0,0.17,1,0,6,0,6.81,6.81
438,Borussia Dortmund,,Emre Can,0,0.17,0,3,5,0,6.81,6.81
439,Manchester United,,Marcus Rashford,0,0.08,0,9,3,0,6.80,6.80
440,1. FC Union Berlin,,Aissa Laïdouni,0,0.21,0,6,2,0,6.80,6.80
441,FC Bayern München,,Konrad Laimer,0,0.09,0,10,2,0,6.80,6.80
442,Manchester United,,Luke Shaw,0,0.06,0,0,2,0,6.80,6.80
443,Young Boys,,Donat Rrudhani,0,,0,0,0,0,6.80,6.80
444,Red Bull Salzburg,,Leandro Morgalla,0,,0,0,0,0,6.80,6.80
445,Sevilla,,Loïc Badé,0,,0,0,0,0,6.80,6.80
446,Lazio,,Manuel Lazzari,0,,0,5,0,0,6.80,6.80
447,Real Madrid,,Ferland Mendy,0,,0,5,0,0,6.80,6.80
448,FC Porto,,Alan Varela,0,0.44,1,3,8,0,6.80,6.80
449,Sporting Braga,,Vítor Carvalho,0,0.31,0,1,4,0,6.80,6.80
450,Red Bull Salzburg,,Sekou Koita,0,0.12,0,1,2,0,6.80,6.80
451,FC Porto,,Zaidu Sanusi,0,0.1,0,2,3,0,6.80,6.80
452,Napoli,,Stanislav Lobotka,0,0.07,0,1,1,0,6.80,6.80
453,Red Bull Salzburg,,Mads Bidstrup,0,0.03,0,2,1,0,6.80,6.80
454,Arsenal,,Fábio Vieira,0,0.02,0,1,1,0,6.80,6.80
455,Atlético Madrid,,César Azpilicueta,0,,0,1,0,0,6.78,6.78
456,Benfica,,Petar Musa,0,1.25,2,8,7,0,6.78,6.78
457,Galatasaray,,Kaan Ayhan,0,0.37,1,2,3,0,6.78,6.78
458,Real Sociedad,,Arsen Zakharyan,0,0.35,1,1,4,0,6.78,6.78
459,Arsenal,,William Saliba,0,0.3,1,2,3,0,6.78,6.78
460,Real Madrid,,Fran García,0,,0,1,0,0,6.78,6.78
461,Feyenoord,,Justin Bijlow,0,,0,1,0,0,6.78,6.78
462,Milan,,Tommaso Pobega,0,0.65,0,1,8,0,6.78,6.78
463,Shakhtar Donetsk,,Artem Bondarenko,0,0.49,1,1,3,0,6.78,6.78
464,Milan,,Noah Okafor,0,0.07,0,1,2,0,6.77,6.77
465,1. FC Union Berlin,,Paul Jaeckel,0,,0,1,0,0,6.77,6.77
466,Red Bull Salzburg,,Petar Ratkov,0,0.53,0,0,8,0,6.77,6.77
467,Inter,,Carlos Augusto,0,0.42,0,1,6,0,6.77,6.77
468,FK Crvena zvezda,,Vladimir Lučić,0,0.06,0,12,3,0,6.77,6.77
469,Feyenoord,,Ayase Ueda,0,1.48,1,0,10,0,6.76,6.76
470,Real Sociedad,,Aritz Elustondo,0,0.08,0,2,2,0,6.76,6.76
471,Manchester United,,Christian Eriksen,0,0.18,1,0,2,0,6.75,6.75
472,Manchester United,,Kobbie Mainoo,0,,0,1,0,0,6.75,6.75
473,Feyenoord,,Timon Wellenreuther,0,,0,0,0,0,6.75,6.75
474,FC København,,Scott McKenna,0,0.12,0,0,1,0,6.75,6.75
475,Benfica,,Juan Bernat,0,0.11,0,1,1,0,6.75,6.75
476,1. FC Union Berlin,,Diogo Leite,0,0.02,0,2,1,0,6.75,6.75
477,FC København,,Elias Jelert,0,,0,8,0,0,6.74,6.74
478,Lazio,,Adam Marušić,0,0.04,0,2,2,0,6.74,6.74
479,Red Bull Salzburg,,Samson Baidoo,0,0.16,0,2,1,0,6.74,6.74
480,Newcastle United,,Lewis Miley,0,,0,0,0,0,6.73,6.73
481,Manchester United,,Anthony Martial,0,,0,2,0,0,6.73,6.73
482,1. FC Union Berlin,,Leonardo Bonucci,0,,0,0,0,0,6.73,6.73
483,Galatasaray,,Angeliño,0,,0,4,0,0,6.73,6.73
484,RC Lens,,Salis Abdul Samed,0,0.19,0,1,2,0,6.73,6.73
485,Arsenal,,Oleksandr Zinchenko,0,0.06,0,0,1,0,6.73,6.73
486,Manchester United,,Antony,0,0.04,0,6,2,0,6.73,6.73
487,FC København,,Peter Ankersen,0,0.23,0,2,4,0,6.73,6.73
488,Manchester United,,Raphaël Varane,0,,0,0,0,0,6.73,6.73
489,Sevilla,,Marko Dmitrović,0,,0,0,0,0,6.73,6.73
490,FK Crvena zvezda,,Mirko Ivanić,0,0.47,1,1,7,0,6.72,6.72
491,1. FC Union Berlin,,Lucas Tousart,0,0.14,0,0,2,0,6.72,6.72
492,Inter,,Kristjan Asllani,0,0.08,0,3,4,0,6.72,6.72
493,Sporting Braga,,Abel Ruíz,0,0.94,1,0,7,0,6.72,6.72
494,FC Porto,,Nico González,0,0.11,0,2,2,0,6.72,6.72
495,Lazio,,Daichi Kamada,0,0.13,0,1,4,0,6.71,6.71
496,RB Leipzig,,Yussuf Poulsen,0,0.57,0,4,6,0,6.70,6.70
497,FC København,,Elias Achouri,0,0.3,0,17,10,0,6.70,6.70
498,Shakhtar Donetsk,,Yukhym Konoplia,0,0.06,0,3,1,0,6.70,6.70
499,FC Bayern München,,Frans Krätzig,0,,0,0,0,0,6.70,6.70
500,FC København,,Victor Froholdt,0,,0,0,0,0,6.70,6.70
501,Barcelona,,Marc Casadó,0,,0,0,0,0,6.70,6.70
502,Manchester United,,Hannibal Mejbri,0,,0,2,0,0,6.70,6.70
503,Feyenoord,,Antoni Milambo,0,,0,1,0,0,6.70,6.70
504,Real Madrid,,Éder Militão,0,,0,0,0,0,6.70,6.70
505,Red Bull Salzburg,,Kamil Piątkowski,0,,0,0,0,0,6.70,6.70
506,Sevilla,,Boubakary Soumaré,0,,0,3,0,0,6.70,6.70
507,FC København,,Viktor Claesson,0,0.77,1,3,6,0,6.70,6.70
508,RC Lens,,Kevin Danso,0,0.55,0,2,7,0,6.70,6.70
509,Manchester United,,Facundo Pellistri,0,0.36,1,2,3,0,6.70,6.70
510,Red Bull Salzburg,,Fernando,0,0.26,0,1,3,0,6.70,6.70
511,FC København,,Oscar Højlund,0,0.24,0,2,1,0,6.70,6.70
512,RC Lens,,Wesley Saïd,0,0.16,0,1,3,0,6.70,6.70
513,FK Crvena zvezda,,Peter Olayinka,0,0.14,0,1,3,0,6.70,6.70
514,Manchester United,,Sofyan Amrabat,0,0.05,0,0,1,0,6.70,6.70
515,1. FC Union Berlin,,Christopher Trimmel,0,0.05,0,0,1,0,6.70,6.70
516,Feyenoord,,Thomas Van den Belt,0,0.05,0,1,1,0,6.70,6.70
517,Barcelona,,Pau Cubarsí,0,0.04,0,0,1,0,6.70,6.70
518,Red Bull Salzburg,,Aleksa Terzić,0,0.02,0,0,1,0,6.70,6.70
519,Lazio,,Danilo Cataldi,0,0.02,0,2,1,0,6.70,6.70
520,RB Leipzig,,Castello Lukeba,0,0.09,0,1,1,0,6.69,6.69
521,RB Leipzig,,Eljif Elmas,0,0.09,0,9,2,0,6.69,6.69
522,Arsenal,,Jakub Kiwior,0,0.51,0,3,5,0,6.68,6.68
523,RC Lens,,Facundo Medina,0,0.36,0,2,4,0,6.68,6.68
524,1. FC Union Berlin,,Josip Juranović,0,0.2,0,2,4,0,6.68,6.68
525,Young Boys,,Darian Maleš,0,0.2,0,3,4,0,6.68,6.68
526,FC Bayern München,,Eric Maxim Choupo-Moting,0,0.33,1,1,4,0,6.68,6.68
527,Sevilla,,Dodi Lukebakio,0,0.19,0,5,4,0,6.68,6.68
528,Red Bull Salzburg,,Maurits Kjaergaard,0,0.12,0,0,3,0,6.67,6.67
529,Manchester City,,Stefan Ortega,0,,0,1,0,0,6.67,6.67
530,RB Leipzig,,Péter Gulácsi,0,,0,0,0,0,6.67,6.67
531,FC Bayern München,,Sven Ulreich,0,,0,0,0,0,6.67,6.67
532,Royal Antwerp FC,,Mandela Keita,0,,0,4,0,0,6.67,6.67
533,Sevilla,,Mariano Díaz,0,0.21,0,0,3,0,6.67,6.67
534,Benfica,,David Neres,0,0.15,0,2,4,0,6.67,6.67
535,Galatasaray,,Tanguy Ndombélé,0,0.06,0,2,1,0,6.67,6.67
536,Lazio,,Nicolò Rovella,0,0.03,0,0,2,0,6.67,6.67
537,Inter,,Denzel Dumfries,0,0.9,2,4,7,0,6.66,6.66
538,Benfica,,Orkun Kökçü,0,0.18,0,4,3,0,6.66,6.66
539,Lazio,,Valentín Castellanos,0,1.37,1,0,7,0,6.66,6.66
540,Benfica,,Casper Tengstedt,0,0.14,0,0,2,0,6.65,6.65
541,Manchester United,,Jonny Evans,0,,0,0,0,0,6.65,6.65
542,Celtic,,Nathaniel Phillips,0,,0,0,0,0,6.65,6.65
543,RC Lens,,Ruben Aguilar,0,,0,0,0,0,6.65,6.65
544,Barcelona,,Iñigo Martínez,0,,0,0,0,0,6.65,6.65
545,RB Leipzig,,Lukas Klostermann,0,,0,0,0,0,6.65,6.65
546,FK Crvena zvezda,,Kosta Nedeljković,0,0.18,0,6,3,0,6.65,6.65
547,Sevilla,,Suso,0,0.08,0,1,2,0,6.65,6.65
548,Real Sociedad,,Jon Pacheco,0,0.07,0,0,1,0,6.65,6.65
549,Royal Antwerp FC,,Soumaila Coulibaly,0,0.06,0,1,1,0,6.65,6.65
550,Paris Saint-Germain,,Gonçalo Ramos,0,1.73,2,0,9,0,6.64,6.64
551,Sporting Braga,,Josafat Mendes,0,,0,1,0,0,6.64,6.64
552,Milan,,Yunus Musah,0,0.23,0,5,2,0,6.64,6.64
553,Red Bull Salzburg,,Oumar Solet,0,,0,0,0,0,6.63,6.63
554,Sporting Braga,,André Horta,0,,0,0,0,0,6.63,6.63
555,RB Leipzig,,Timo Werner,0,0.12,0,0,1,0,6.63,6.63
556,Manchester United,,Diogo Dalot,0,0.11,0,7,2,0,6.63,6.63
557,FC København,,Andreas Cornelius,0,0.09,1,0,1,0,6.63,6.63
558,FC Porto,,Jorge Sánchez,0,0.08,0,2,2,0,6.63,6.63
559,FK Crvena zvezda,,Milan Rodić,0,0.07,0,2,3,0,6.63,6.63
560,1. FC Union Berlin,,Robin Knoche,0,0.03,0,0,1,0,6.63,6.63
561,PSV Eindhoven,,Mauro Júnior,0,0.02,0,3,1,0,6.63,6.63
562,Sevilla,,Djibril Sow,0,0.01,0,0,1,0,6.63,6.63
563,RC Lens,,Massadio Haïdara,0,,0,0,0,0,6.63,6.63
564,Red Bull Salzburg,,Nene Dorgeles,0,1.1,2,0,5,0,6.63,6.63
565,Sporting Braga,,José Fonte,0,0.27,0,2,3,0,6.63,6.63
566,Celtic,,Cameron Carter-Vickers,0,0.12,0,1,2,0,6.63,6.63
567,RB Leipzig,,Nicolas Seiwald,0,0.03,0,1,1,0,6.63,6.63
568,RB Leipzig,,Christoph Baumgartner,0,0.83,3,1,6,0,6.62,6.62
569,Celtic,,Alistair Johnston,0,0.06,0,4,1,0,6.62,6.62
570,Celtic,,Paulo Bernardo,0,0.03,0,8,1,0,6.62,6.62
571,Barcelona,,Oriol Romeu,0,0.14,0,2,1,0,6.61,6.61
572,FC København,,Orri Steinn Óskarsson,0,,0,0,0,0,6.60,6.60
573,Sevilla,,Juanlu Sánchez,0,,0,4,0,0,6.60,6.60
574,FK Crvena zvezda,,Jean-Philippe Krasso,0,0.47,1,2,3,0,6.60,6.60
575,Galatasaray,,Barış Alper Yılmaz,0,0.07,0,0,1,0,6.60,6.60
576,Shakhtar Donetsk,,Oleksiy Kashchuk,0,,0,0,0,0,6.60,6.60
577,Milan,,Chaka Traorè,0,,0,0,0,0,6.60,6.60
578,Young Boys,,Łukasz Łakomy,0,,0,0,0,0,6.60,6.60
579,Borussia Dortmund,,Giovanni Reyna,0,,0,1,0,0,6.60,6.60
580,Atlético Madrid,,Çağlar Söyüncü,0,,0,0,0,0,6.60,6.60
581,Napoli,,Hamed Junior Traorè,0,,0,1,0,0,6.60,6.60
582,Lazio,,Nicolò Casale,0,,0,0,0,0,6.60,6.60
583,FC Porto,,Gonçalo Borges,0,,0,1,0,0,6.60,6.60
584,Sevilla,,Erik Lamela,0,0.26,0,0,1,0,6.60,6.60
585,Sporting Braga,,Pizzi,0,0.15,0,1,2,0,6.60,6.60
586,Napoli,,Jesper Lindstrøm,0,0.13,1,2,1,0,6.60,6.60
587,Young Boys,,Aurèle Amenda,0,0.07,1,1,2,0,6.60,6.60
588,1. FC Union Berlin,,Rani Khedira,0,0.05,0,0,2,0,6.60,6.60
589,Young Boys,,Miguel Changa Chaiwa,0,0.04,0,0,1,0,6.60,6.60
590,Benfica,,Chiquinho,0,0.04,0,0,1,0,6.60,6.60
591,Manchester United,,Sergio Reguilón,0,0.04,0,3,2,0,6.60,6.60
592,Napoli,,Gianluca Gaetano,0,0.03,0,0,1,0,6.60,6.60
593,Arsenal,,Mohamed Elneny,0,0.02,0,0,1,0,6.60,6.60
594,Real Sociedad,,Umar Sadiq,0,0.01,0,4,1,0,6.60,6.60
595,Young Boys,,Silvère Ganvoula,0,0.79,2,2,7,0,6.58,6.58
596,Napoli,,Juan Jesus,0,,0,0,0,0,6.58,6.58
597,Royal Antwerp FC,,Jean Butez,0,,0,0,0,0,6.58,6.58
598,Red Bull Salzburg,,Karim Konaté,0,1.84,2,4,11,0,6.58,6.58
599,Celtic,,Yang Hyun-Jun,0,,0,4,0,0,6.58,6.58
600,Red Bull Salzburg,,Forson Amankwah,0,0.16,0,0,3,0,6.58,6.58
601,Real Sociedad,,Álvaro Odriozola,0,,0,0,0,0,6.57,6.57
602,1. FC Union Berlin,,Danilho Doekhi,0,,0,0,0,0,6.57,6.57
603,Celtic,,Tomoki Iwata,0,,0,0,0,0,6.57,6.57
604,RC Lens,,Nampalys Mendy,0,,0,0,0,0,6.57,6.57
605,Feyenoord,,Luka Ivanušec,0,0.08,0,2,3,0,6.56,6.56
606,Napoli,,Jens Cajuste,0,,0,1,0,0,6.56,6.56
607,Newcastle United,,Elliot Anderson,0,,0,2,0,0,6.55,6.55
608,Paris Saint-Germain,,Nordi Mukiele,0,,0,0,0,0,6.55,6.55
609,Borussia Dortmund,,Youssoufa Moukoko,0,,0,1,0,0,6.55,6.55
610,Shakhtar Donetsk,,Valeriy Bondar,0,,0,0,0,0,6.55,6.55
611,FK Crvena zvezda,,Jovan Mijatović,0,0.9,1,2,4,0,6.55,6.55
612,Manchester United,,Mason Mount,0,0.47,0,0,4,0,6.55,6.55
613,PSV Eindhoven,,Patrick van Aanholt,0,0.16,1,0,2,0,6.55,6.55
614,Lazio,,Luca Pellegrini,0,0.04,0,2,2,0,6.55,6.55
615,Benfica,,Tiago Gouveia,0,0.02,0,1,1,0,6.55,6.55
616,Lazio,,Elseid Hysaj,0,,0,1,0,0,6.54,6.54
617,PSV Eindhoven,,Guus Til,0,0.22,1,1,4,0,6.54,6.54
618,1. FC Union Berlin,,Janik Haberer,0,0.19,1,2,4,0,6.54,6.54
619,Celtic,,Hyun-gyu Oh,0,0.15,0,2,3,0,6.54,6.54
620,FC Porto,,Marko Grujić,0,,0,0,0,0,6.53,6.53
621,RC Lens,,David Pereira da Costa,0,,0,2,0,0,6.53,6.53
622,FC Porto,,Fábio Cardoso,0,,0,0,0,0,6.53,6.53
623,FC København,,Christian Sørensen,0,,0,0,0,0,6.53,6.53
624,FK Crvena zvezda,,Nasser Djiga,0,0.19,0,4,2,0,6.53,6.53
625,Feyenoord,,Ondrej Lingr,0,0.07,0,1,1,0,6.53,6.53
626,Barcelona,,Marcos Alonso,0,0.04,0,0,1,0,6.53,6.53
627,Shakhtar Donetsk,,Giorgi Gocholeishvili,0,0.2,1,4,2,0,6.53,6.53
628,Shakhtar Donetsk,,Newerton Palmares,0,0.66,2,6,7,0,6.53,6.53
629,RC Lens,,Morgan Guilavogui,0,0.57,1,0,3,0,6.53,6.53
630,Arsenal,,Thomas Partey,0,,0,0,0,0,6.50,6.50
631,FK Crvena zvezda,,Kings Kangwa,0,,0,0,0,0,6.50,6.50
632,Inter,,Emil Audero,0,,0,0,0,0,6.50,6.50
633,FC Porto,,Fran Navarro,0,,0,0,0,0,6.50,6.50
634,FK Crvena zvezda,,Miloš Degenek,0,,0,0,0,0,6.50,6.50
635,FK Crvena zvezda,,Uroš Kabić,0,,0,0,0,0,6.50,6.50
636,Red Bull Salzburg,,Dijon Kameri,0,,0,0,0,0,6.50,6.50
637,FC Porto,,Toni Martínez,0,,0,0,0,0,6.50,6.50
638,Sevilla,,Joan Jordán,0,,0,0,0,0,6.50,6.50
639,Sevilla,,Kike Salas,0,,0,1,0,0,6.50,6.50
640,Sevilla,,Óliver Torres,0,,0,0,0,0,6.50,6.50
641,Royal Antwerp FC,,Zeno Van Den Bosch,0,,0,0,0,0,6.50,6.50
642,Manchester United,,Victor Lindelöf,0,,0,0,0,0,6.50,6.50
643,Sporting Braga,,Serdar Saatçı,0,0.29,0,1,2,0,6.50,6.50
644,Celtic,,James Forrest,0,0.14,0,0,1,0,6.50,6.50
645,Real Sociedad,,Jon Magunazelaia,0,0.12,0,0,1,0,6.50,6.50
646,Real Sociedad,,Jon Ander Olasagasti,0,0.11,0,0,1,0,6.50,6.50
647,FK Crvena zvezda,,Srđan Mijailović,0,0.1,0,2,3,0,6.50,6.50
648,PSV Eindhoven,,Armel Bella-Kotchap,0,0.04,0,0,1,0,6.50,6.50
649,Sporting Braga,,Roger Fernandes,0,0.02,0,1,1,0,6.50,6.50
650,Celtic,,Greg Taylor,0,0.02,0,3,1,0,6.50,6.50
651,Feyenoord,,Leo Sauer,0,0.02,0,1,1,0,6.50,6.50
652,Royal Antwerp FC,,Jelle Bataille,0,,0,3,0,0,6.48,6.48
653,Shakhtar Donetsk,,Dmytro Kryskiv,0,0.08,0,3,4,0,6.48,6.48
654,Sevilla,,Adrià Pedrosa,0,0.08,0,2,1,0,6.48,6.48
655,Paris Saint-Germain,,Manuel Ugarte,0,0.07,0,1,4,0,6.48,6.48
656,Benfica,,David Jurásek,0,,0,1,0,0,6.47,6.47
657,FK Crvena zvezda,,Stefan Mitrović,0,0.13,0,3,5,0,6.47,6.47
658,Benfica,,Gonçalo Guedes,0,,0,1,0,0,6.45,6.45
659,FC Porto,,Danny Namaso,0,,0,0,0,0,6.45,6.45
660,1. FC Union Berlin,,Brenden Aaronson,0,0.48,1,1,3,0,6.45,6.45
661,Real Sociedad,,Carlos Fernández,0,0.13,1,0,1,0,6.45,6.45
662,RC Lens,,Neil El Aynaoui,0,,0,1,0,0,6.43,6.43
663,Royal Antwerp FC,,Anthony Valencia,0,,0,0,0,0,6.43,6.43
664,Newcastle United,,Sandro Tonali,0,0.1,0,0,2,0,6.43,6.43
665,Shakhtar Donetsk,,Novatus Miroshi,0,,0,0,0,0,6.40,6.40
666,Arsenal,,Cédric Soares,0,,0,0,0,0,6.40,6.40
667,Feyenoord,,Thomas Beelen,0,,0,0,0,0,6.40,6.40
668,Young Boys,,David von Ballmoos,0,,0,0,0,0,6.40,6.40
669,Paris Saint-Germain,,Carlos Soler,0,,0,0,0,0,6.40,6.40
670,Galatasaray,,Kerem Demirbay,0,,0,0,0,0,6.40,6.40
671,Shakhtar Donetsk,,Marian Shved,0,,0,0,0,0,6.40,6.40
672,Royal Antwerp FC,,Kobe Corbanie,0,,0,0,0,0,6.40,6.40
673,Sporting Braga,,Diogo Fonseca,0,0.35,1,0,1,0,6.40,6.40
674,Sevilla,,Rafa Mir,0,0.09,0,0,1,0,6.40,6.40
675,Newcastle United,,Joe Willock,0,0.05,0,0,2,0,6.40,6.40
676,RB Leipzig,,Fabio Carvalho,0,0.11,0,1,4,0,6.37,6.37
677,Real Sociedad,,Mohamed-Ali Cho,0,0.04,0,0,1,0,6.37,6.37
678,Sporting Braga,,Adrián Marín,0,,0,0,0,0,6.35,6.35
679,Newcastle United,,Callum Wilson,0,0.81,3,0,6,0,6.35,6.35
680,Young Boys,,Saidy Janko,0,,0,8,0,0,6.34,6.34
681,Young Boys,,Noah Persson,0,,0,0,0,0,6.33,6.33
682,Royal Antwerp FC,,Owen Wijndal,0,0.01,0,0,1,0,6.32,6.32
683,Sevilla,,Marcos Acuña,0,0.15,0,1,2,0,6.30,6.30
684,Manchester United,,Lisandro Martínez,0,,0,2,0,0,6.30,6.30
685,Atlético Madrid,,Reinildo Mandava,0,,0,0,0,0,6.30,6.30
686,Galatasaray,,Kâzımcan Karataş,0,,0,1,0,0,6.30,6.30
687,1. FC Union Berlin,,Aljoscha Kemlein,0,,0,0,0,0,6.30,6.30
688,Celtic,,Mitchel Frame,0,,0,0,0,0,6.30,6.30
689,Celtic,,David Turnbull,0,,0,0,0,0,6.30,6.30
690,Feyenoord,,Bart Nieuwkoop,0,,0,0,0,0,6.30,6.30
691,FC København,,William Clem,0,0.05,0,0,1,0,6.30,6.30
692,Sevilla,,Tanguy Nianzou,0,0.01,0,0,1,0,6.30,6.30
693,Royal Antwerp FC,,Gyrano Kerk,0,0.22,1,3,3,0,6.28,6.28
694,FC København,,Valdemar Lund,0,,0,0,0,0,6.25,6.25
695,FC København,,Jordan Larsson,0,1.04,2,0,4,0,6.25,6.25
696,Young Boys,,Sandro Lauper,0,0.14,0,1,4,0,6.25,6.25
697,Barcelona,,Hector Fort,0,,0,0,0,0,6.20,6.20
698,Newcastle United,,Lewis Hall,0,,0,0,0,0,6.20,6.20
699,Newcastle United,,Martin Dúbravka,0,,0,0,0,0,6.20,6.20
700,Manchester City,,Mahamadou Susoho,0,,0,0,0,0,6.20,6.20
701,Inter,,Davy Klaassen,0,,0,0,0,0,6.20,6.20
702,Napoli,,Alessandro Zanoli,0,0.03,0,1,1,0,6.20,6.20
703,Milan,,Pierre Kalulu,0,,0,1,0,0,6.10,6.10
704,Feyenoord,,Marcos López,0,,0,0,0,0,6.10,6.10
705,Benfica,,Florentino Luís,0,,0,0,0,0,6.10,6.10
706,Royal Antwerp FC,,Jürgen Ekkelenkamp,0,0.15,0,1,1,0,6.10,6.10
707,Celtic,,Daizen Maeda,0,0.42,0,8,5,0,6.08,6.08
708,FC Porto,,Romário Baró,0,,0,1,0,0,6.00,6.00
709,FK Crvena zvezda,,Uroš Spajić,0,,0,0,0,0,6.00,6.00
710,Shakhtar Donetsk,,Stav Lemkin,0,,0,0,0,0,6.00,6.00
711,RC Lens,,Abdukodir Khusanov,0,,0,0,0,0,5.90,5.90
712,Galatasaray,,Victor Nelsson,0,0.01,0,0,1,0,5.87,5.87
713,Benfica,,António Silva,0,,0,2,0,0,5.80,5.80
714,PSV Eindhoven,,Isaac Babadi,0,,0,0,0,0,5.50,5.50
715,Celtic,,Odin Thiago Holm,0,,0,2,0,0,5.50,5.50
716,Real Sociedad,,Jon Aramburu,0,,0,0,0,0,0,
717,Newcastle United,,Harvey Barnes,0,,0,0,0,0,0,
718,Milan,,Simon Kjær,0,,0,0,0,0,0,
719,Napoli,,Cyril Ngonge,0,,0,0,0,0,0,
720,Manchester City,,Jacob Wright,0,,0,0,0,0,0,
721,Milan,,Davide Bartesaghi,0,,0,0,0,0,0,
722,Atlético Madrid,,Ilias Kostis,0,,0,0,0,0,0,
723,PSV Eindhoven,,Fredrik Oppegård,0,,0,0,0,0,0,
724,Sporting Braga,,Rony Lopes,0,0.11,0,0,2,0,0,
